id,first_name,last_name,email,gender,ip_address
1,Blondell,Sibille,bsibille0@jigsy.com,Female,245.150.120.127
2,Zared,Longshaw,zlongshaw1@yale.edu,Male,134.154.177.135
3,Darlene,Krystof,dkrystof2@aboutads.info,Female,44.74.158.63
4,Ellie,Colnett,ecolnett3@linkedin.com,Female,134.32.253.140
5,Barnie,Teal,bteal4@senate.gov,Male,36.181.121.93
6,Carney,Szymanek,cszymanek5@arstechnica.com,Male,69.195.57.160
7,Broddie,Stourton,bstourton6@utexas.edu,Male,99.208.41.61
8,Jackie,Sherr,jsherr7@ycombinator.com,Female,27.172.190.32
9,Audrie,Lebang,alebang8@ox.ac.uk,Female,131.10.88.40
10,Donna,Kobpa,dkobpa9@digg.com,Female,241.84.240.8
11,Loren,Winning,lwinninga@netvibes.com,Female,142.30.15.133
12,Aurie,Corain,acorainb@dailymail.co.uk,Female,11.234.52.185
13,Derron,Sydney,dsydneyc@sina.com.cn,Male,252.85.253.205
14,Lia,Beresford,lberesfordd@seattletimes.com,Female,70.163.130.244
15,Redford,McCrudden,rmccruddene@multiply.com,Male,211.16.1.32
16,Massimo,MacTrustram,mmactrustramf@bigcartel.com,Male,241.207.142.181
17,Joachim,Huett,jhuettg@usnews.com,Male,246.124.125.147
18,Temple,Aizlewood,taizlewoodh@geocities.jp,Male,186.95.70.52
19,Alfy,Norbury,anorburyi@cloudflare.com,Female,68.120.159.241
20,Elroy,Teare,etearej@mysql.com,Bigender,227.13.135.183
21,Jo-ann,Crangle,jcranglek@globo.com,Female,135.248.141.44
22,Hildy,Yoodall,hyoodalll@google.it,Agender,240.9.167.235
23,Glory,Barbosa,gbarbosam@spiegel.de,Female,222.202.81.26
24,Koenraad,Kedie,kkedien@mediafire.com,Male,10.76.208.89
25,Kimble,Gorioli,kgoriolio@cbsnews.com,Male,208.115.213.59
26,Weylin,Garcia,wgarciap@dropbox.com,Male,11.166.30.153
27,Kip,Alentyev,kalentyevq@theatlantic.com,Non-binary,49.67.12.54
28,Obadias,Wynett,owynettr@artisteer.com,Male,139.21.87.38
29,Riane,Glader,rgladers@archive.org,Female,160.234.62.16
30,Desirae,Dorran,ddorrant@washington.edu,Female,147.72.169.156
31,Tan,Markos,tmarkosu@scientificamerican.com,Male,79.80.151.77
32,Bobbe,Lomansey,blomanseyv@taobao.com,Female,108.24.44.196
33,Lennard,Mateu,lmateuw@washingtonpost.com,Male,229.36.228.98
34,Doralynn,Franklen,dfranklenx@berkeley.edu,Female,140.184.192.242
35,Annamaria,Grinaugh,agrinaughy@forbes.com,Female,112.156.55.110
36,Sasha,D'Antuoni,sdantuoniz@vimeo.com,Male,78.5.132.227
37,Robinetta,Dorey,rdorey10@washingtonpost.com,Female,174.214.176.13
38,Channa,Pepperrall,cpepperrall11@virginia.edu,Female,25.120.43.46
39,Petronella,Oxtarby,poxtarby12@storify.com,Female,50.11.112.112
40,Darbee,Featherstonehaugh,dfeatherstonehaugh13@shinystat.com,Male,235.5.13.192
41,Melba,Cormode,mcormode14@huffingtonpost.com,Female,135.57.159.71
42,Buffy,Cannon,bcannon15@furl.net,Female,60.242.121.36
43,Thalia,Benoi,tbenoi16@paypal.com,Female,222.53.73.101
44,Judd,Rayment,jrayment17@tumblr.com,Male,78.48.10.107
45,Reeta,Syfax,rsyfax18@sakura.ne.jp,Female,55.149.68.136
46,Herrick,Meere,hmeere19@technorati.com,Male,20.28.12.222
47,Brooke,Camilleri,bcamilleri1a@yahoo.co.jp,Male,120.170.85.210
48,Sanford,Stockings,sstockings1b@miibeian.gov.cn,Male,159.215.82.144
49,Yolanda,Osmon,yosmon1c@wix.com,Female,244.217.145.179
50,Jaynell,Pogue,jpogue1d@adobe.com,Female,80.139.127.136
51,Corine,Mullin,cmullin1e@biglobe.ne.jp,Female,59.197.158.112
52,Jean,Stainer,jstainer1f@theatlantic.com,Genderqueer,184.51.147.213
53,Magdalene,Baruch,mbaruch1g@blogger.com,Female,69.135.31.174
54,Clarabelle,Ishak,cishak1h@shareasale.com,Polygender,111.144.44.207
55,Grange,Gilardoni,ggilardoni1i@skyrock.com,Male,211.229.72.11
56,Phillis,Fortoun,pfortoun1j@jimdo.com,Female,248.143.63.91
57,Layne,Nussey,lnussey1k@google.com.au,Female,250.239.226.246
58,Phineas,Espinal,pespinal1l@answers.com,Male,0.117.235.190
59,Carolina,Bacop,cbacop1m@bluehost.com,Female,54.97.220.255
60,Latashia,Allridge,lallridge1n@state.gov,Female,51.46.40.41
61,Oliy,Wrankling,owrankling1o@issuu.com,Female,236.186.9.144
62,Harriott,Withers,hwithers1p@google.com,Female,100.46.48.41
63,Olympie,Ricardet,oricardet1q@sphinn.com,Female,23.57.161.90
64,Lurline,Figiovanni,lfigiovanni1r@dagondesign.com,Bigender,254.174.46.110
65,Kelley,Blincko,kblincko1s@businessweek.com,Male,248.164.43.99
66,Tallulah,Darkins,tdarkins1t@xinhuanet.com,Female,142.126.168.144
67,Jsandye,Gilyott,jgilyott1u@uol.com.br,Female,183.219.93.207
68,Keslie,Ivashechkin,kivashechkin1v@reference.com,Female,122.79.87.110
69,Vance,Clowney,vclowney1w@cocolog-nifty.com,Male,236.100.38.183
70,Wald,McFetridge,wmcfetridge1x@senate.gov,Male,99.193.84.153
71,Alano,Witten,awitten1y@opera.com,Male,242.150.0.99
72,Coletta,McNalley,cmcnalley1z@yellowbook.com,Female,136.143.31.87
73,Marcy,Bastistini,mbastistini20@narod.ru,Female,120.198.252.175
74,Hildagarde,Linkin,hlinkin21@wix.com,Female,121.132.252.169
75,Jacinda,Besnardeau,jbesnardeau22@tinypic.com,Female,190.244.155.131
76,Martainn,Vossing,mvossing23@sakura.ne.jp,Male,3.101.3.31
77,Amalita,Fortin,afortin24@va.gov,Female,53.140.49.49
78,Niles,Heskin,nheskin25@hubpages.com,Male,15.183.8.198
79,Chan,Mounfield,cmounfield26@scientificamerican.com,Non-binary,204.248.3.239
80,Myrlene,Grier,mgrier27@mac.com,Female,107.112.192.80
81,Edgar,Prestwich,eprestwich28@facebook.com,Male,253.247.114.210
82,Moreen,McMinn,mmcminn29@xinhuanet.com,Female,20.211.173.92
83,Inge,Hankins,ihankins2a@google.cn,Female,135.70.163.8
84,Archibaldo,Ingon,aingon2b@google.nl,Male,168.14.103.105
85,Torrence,Halladay,thalladay2c@dailymotion.com,Male,122.179.152.128
86,Cora,Peattie,cpeattie2d@blogtalkradio.com,Female,239.36.16.116
87,Joby,Edlyn,jedlyn2e@elpais.com,Female,50.210.251.175
88,Chev,Tschiersch,ctschiersch2f@xrea.com,Male,16.188.197.249
89,Pincus,Swinburne,pswinburne2g@imageshack.us,Male,179.131.101.87
90,Bryn,Pickless,bpickless2h@microsoft.com,Male,132.116.248.236
91,Christie,Hrachovec,chrachovec2i@delicious.com,Male,180.21.183.194
92,Dwight,Broad,dbroad2j@amazon.co.uk,Bigender,177.181.186.45
93,Amelia,Rivelon,arivelon2k@g.co,Female,95.94.26.74
94,Hamilton,Fourmy,hfourmy2l@blogtalkradio.com,Male,118.44.225.243
95,Zorina,Evans,zevans2m@narod.ru,Female,244.157.37.184
96,Trix,Gotcliffe,tgotcliffe2n@samsung.com,Female,101.171.250.200
97,Berna,Leyman,bleyman2o@xing.com,Female,13.200.247.118
98,Garfield,Debow,gdebow2p@scribd.com,Male,255.22.40.52
99,Reginald,Gaspar,rgaspar2q@nationalgeographic.com,Male,87.207.228.217
100,Mellicent,Braizier,mbraizier2r@weebly.com,Female,131.118.112.228
101,Kristen,Chantler,kchantler2s@globo.com,Polygender,31.219.6.203
102,Gus,Jarvie,gjarvie2t@jigsy.com,Female,155.11.216.133
103,Brannon,Swithenby,bswithenby2u@columbia.edu,Male,149.20.174.140
104,Emory,Laval,elaval2v@myspace.com,Agender,100.79.120.150
105,Berkeley,Leare,bleare2w@people.com.cn,Bigender,134.198.187.140
106,Clarinda,Neill,cneill2x@google.com.hk,Female,243.50.254.222
107,Nara,Hayle,nhayle2y@blogspot.com,Female,126.53.215.26
108,Delly,Buntin,dbuntin2z@lycos.com,Female,1.170.63.147
109,Janean,Jouanet,jjouanet30@sciencedaily.com,Female,209.29.7.120
110,Annis,Hardie,ahardie31@t-online.de,Female,40.19.48.191
111,Jacquelyn,Cottle,jcottle32@adobe.com,Female,211.134.48.254
112,Mollee,Alten,malten33@about.com,Female,148.117.132.99
113,Whitman,Brydon,wbrydon34@cnet.com,Male,80.9.157.48
114,Cara,Thornton-Dewhirst,cthorntondewhirst35@yandex.ru,Female,123.250.157.152
115,Vern,Spurrett,vspurrett36@unblog.fr,Male,152.23.67.26
116,Clovis,Woodruff,cwoodruff37@shareasale.com,Female,140.242.62.9
117,Guenevere,Charrette,gcharrette38@icio.us,Female,174.57.44.150
118,Ricoriki,Connichie,rconnichie39@fda.gov,Male,49.220.148.17
119,Enriqueta,Kornel,ekornel3a@liveinternet.ru,Female,82.28.126.157
120,Tallie,Pattullo,tpattullo3b@free.fr,Male,102.179.26.186
121,Sly,Vizor,svizor3c@chicagotribune.com,Male,131.78.158.246
122,Josselyn,Darwin,jdarwin3d@archive.org,Female,38.135.173.220
123,Raphaela,Fronsek,rfronsek3e@ezinearticles.com,Non-binary,11.175.210.148
124,Vernen,Braven,vbraven3f@furl.net,Male,34.113.249.174
125,Cecilius,Hegdonne,chegdonne3g@ted.com,Male,89.199.136.96
126,Thornie,Rollitt,trollitt3h@multiply.com,Male,187.63.212.187
127,Anastasia,Doding,adoding3i@tripadvisor.com,Female,245.242.168.245
128,Kylie,Putterill,kputterill3j@amazonaws.com,Male,179.31.14.122
129,Chico,Lemerle,clemerle3k@amazon.de,Male,140.21.102.63
130,Zebulen,Taylour,ztaylour3l@t.co,Male,213.145.197.86
131,Elga,Knowles,eknowles3m@wikipedia.org,Female,0.204.170.122
132,Hilly,Roney,hroney3n@nydailynews.com,Male,141.57.8.170
133,Cinnamon,Beeho,cbeeho3o@surveymonkey.com,Female,182.8.57.121
134,Lenette,Mozzetti,lmozzetti3p@squarespace.com,Female,245.93.60.68
135,Lu,Branigan,lbranigan3q@hp.com,Agender,168.32.86.60
136,Gian,Mixworthy,gmixworthy3r@mtv.com,Male,158.194.120.161
137,Agnella,Jiruca,ajiruca3s@mtv.com,Female,42.25.199.146
138,Lindon,MacLennan,lmaclennan3t@creativecommons.org,Male,30.61.115.102
139,Lyndy,McAllester,lmcallester3u@nifty.com,Female,2.1.213.248
140,Tisha,Hawkswell,thawkswell3v@webeden.co.uk,Female,7.2.135.186
141,Aimil,Kobisch,akobisch3w@unicef.org,Female,232.174.7.28
142,Phyllys,Stickles,pstickles3x@meetup.com,Female,124.11.229.117
143,Zonnya,Drakes,zdrakes3y@plala.or.jp,Female,176.130.43.183
144,Hubert,Crockley,hcrockley3z@telegraph.co.uk,Male,52.66.219.67
145,Netty,Castri,ncastri40@telegraph.co.uk,Female,7.16.51.228
146,Leda,Sauvage,lsauvage41@4shared.com,Female,246.48.140.186
147,Caddric,Emerton,cemerton42@webmd.com,Male,40.149.206.179
148,Thayne,Cancellario,tcancellario43@slate.com,Male,185.64.243.0
149,Viviyan,Brawley,vbrawley44@japanpost.jp,Female,70.244.176.68
150,Rees,Caughte,rcaughte45@soup.io,Agender,10.207.0.120
151,Finley,Dowsey,fdowsey46@wiley.com,Male,138.120.52.40
152,Margarita,Adshede,madshede47@nps.gov,Female,136.76.46.139
153,Vail,Purple,vpurple48@ning.com,Male,106.51.141.44
154,Alexis,Glavias,aglavias49@typepad.com,Female,76.3.243.76
155,Tabby,Snoday,tsnoday4a@sohu.com,Female,165.135.81.31
156,Daile,Eustice,deustice4b@cyberchimps.com,Female,49.116.208.71
157,Zorah,Bunch,zbunch4c@artisteer.com,Female,52.228.76.217
158,Ellyn,Parradice,eparradice4d@prweb.com,Female,75.106.186.194
159,Kimbell,Guesford,kguesford4e@pcworld.com,Agender,248.92.147.249
160,Baxie,Harbar,bharbar4f@unc.edu,Male,110.246.166.29
161,Estel,Moggach,emoggach4g@si.edu,Female,77.219.242.8
162,Marilyn,Schwander,mschwander4h@bandcamp.com,Female,74.91.238.32
163,Frasco,Betton,fbetton4i@chron.com,Male,125.202.42.49
164,Roldan,Pedgrift,rpedgrift4j@typepad.com,Male,13.62.162.202
165,Kerk,Levensky,klevensky4k@japanpost.jp,Male,18.57.252.73
166,Monti,Chadwell,mchadwell4l@histats.com,Male,178.39.183.79
167,Stearn,Bartoszinski,sbartoszinski4m@people.com.cn,Male,16.217.87.44
168,Eula,Minett,eminett4n@deliciousdays.com,Female,113.171.83.118
169,Ariadne,Wollers,awollers4o@seattletimes.com,Female,29.0.28.104
170,Benni,Dauney,bdauney4p@hubpages.com,Genderqueer,107.215.173.145
171,Edvard,Jubert,ejubert4q@hostgator.com,Male,146.119.166.204
172,Violet,Horlock,vhorlock4r@slate.com,Female,176.105.171.232
173,Rozelle,Klosterman,rklosterman4s@time.com,Female,124.215.243.113
174,Remy,Cavy,rcavy4t@utexas.edu,Non-binary,98.13.107.227
175,Pauletta,Peaker,ppeaker4u@photobucket.com,Female,39.19.193.184
176,Mikol,Danilowicz,mdanilowicz4v@wikia.com,Male,109.157.62.134
177,Petra,Iiannone,piiannone4w@mit.edu,Genderqueer,141.128.192.223
178,Rosamund,Avesque,ravesque4x@yandex.ru,Bigender,103.148.190.41
179,Farrell,Tyndall,ftyndall4y@scientificamerican.com,Male,154.178.214.194
180,Brandice,Meneely,bmeneely4z@utexas.edu,Female,192.16.109.90
181,Sheree,Burdoun,sburdoun50@nyu.edu,Female,63.81.198.91
182,Isabelita,Merkel,imerkel51@amazon.com,Female,83.27.124.207
183,Ranique,Jobbins,rjobbins52@51.la,Female,46.114.246.240
184,Feliks,Drewes,fdrewes53@cdbaby.com,Male,158.53.155.193
185,Toddy,Beszant,tbeszant54@va.gov,Male,124.119.99.30
186,Ichabod,Van der Krui,ivanderkrui55@edublogs.org,Male,83.91.143.132
187,Ashlie,Jeandeau,ajeandeau56@cafepress.com,Female,106.201.169.67
188,Bebe,Sayle,bsayle57@sina.com.cn,Female,179.123.240.152
189,Oberon,Epperson,oepperson58@usgs.gov,Male,212.220.46.49
190,Koo,Elsmore,kelsmore59@shinystat.com,Female,92.16.198.98
191,Tiffany,Rounding,trounding5a@google.ca,Female,144.76.105.9
192,Carolus,Beven,cbeven5b@linkedin.com,Male,217.57.178.157
193,Ranee,Ciotto,rciotto5c@fema.gov,Female,3.127.140.135
194,Saunder,Behnke,sbehnke5d@live.com,Male,203.127.158.241
195,Granville,Fardy,gfardy5e@springer.com,Male,167.208.61.152
196,Micheline,Conti,mconti5f@parallels.com,Female,45.179.1.25
197,Horst,Loeber,hloeber5g@surveymonkey.com,Male,81.9.167.141
198,Alma,Sterricker,asterricker5h@gov.uk,Female,134.117.11.253
199,Elvin,Troake,etroake5i@pcworld.com,Male,29.197.189.246
200,Culley,Gilham,cgilham5j@mtv.com,Male,31.188.25.44
201,Chlo,Ure,cure5k@wikimedia.org,Female,245.156.149.213
202,Morganica,Hazle,mhazle5l@cnn.com,Female,43.35.144.215
203,Eldridge,Insall,einsall5m@twitpic.com,Male,221.133.101.246
204,Shelton,Dix,sdix5n@163.com,Male,247.94.22.188
205,Martynne,Licas,mlicas5o@timesonline.co.uk,Female,204.191.241.209
206,Gottfried,Sturch,gsturch5p@multiply.com,Male,180.54.217.244
207,Albert,Bortoli,abortoli5q@ihg.com,Male,235.145.80.181
208,Marvin,Freen,mfreen5r@smh.com.au,Genderfluid,57.187.212.133
209,Bar,O'Hara,bohara5s@spiegel.de,Polygender,100.107.41.78
210,Biddie,Gitthouse,bgitthouse5t@geocities.com,Female,231.20.211.34
211,Leland,Maffezzoli,lmaffezzoli5u@wiley.com,Female,158.91.204.98
212,Meredithe,Rawlinson,mrawlinson5v@youtube.com,Female,246.145.73.40
213,Konstanze,Bunker,kbunker5w@kickstarter.com,Female,238.179.139.216
214,El,Bate,ebate5x@smh.com.au,Male,16.130.101.102
215,Hugo,I'anson,hianson5y@hao123.com,Male,247.110.206.118
216,Gabriel,Gorges,ggorges5z@1688.com,Female,241.191.12.163
217,Carny,de Pinna,cdepinna60@accuweather.com,Male,91.31.231.65
218,Batsheva,Weldrick,bweldrick61@sourceforge.net,Female,242.209.4.111
219,Drucill,Dunster,ddunster62@reverbnation.com,Genderfluid,65.204.213.40
220,Hewe,Antoszewski,hantoszewski63@howstuffworks.com,Male,233.135.51.250
221,Paule,Spaducci,pspaducci64@imageshack.us,Bigender,72.169.5.69
222,Norman,Mark,nmark65@addtoany.com,Male,165.103.126.194
223,Poul,Malcolmson,pmalcolmson66@omniture.com,Male,206.230.8.141
224,Agnesse,Showt,ashowt67@earthlink.net,Female,1.188.132.10
225,Kathlin,Mahmood,kmahmood68@hugedomains.com,Female,247.0.150.199
226,Tremaine,Voyce,tvoyce69@cdc.gov,Male,166.147.114.99
227,Kai,Benez,kbenez6a@dagondesign.com,Female,216.227.111.77
228,Hank,Tabourel,htabourel6b@ucoz.ru,Male,55.104.181.105
229,Mariya,Cockshut,mcockshut6c@msn.com,Female,111.181.204.193
230,Lynda,Wallworth,lwallworth6d@skype.com,Female,120.0.59.229
231,Shannon,Cowthard,scowthard6e@amazon.com,Male,77.141.153.153
232,Deb,Gomersall,dgomersall6f@wikipedia.org,Female,103.33.15.248
233,Rowena,Oboy,roboy6g@ibm.com,Female,230.218.83.249
234,Melanie,MacKain,mmackain6h@smh.com.au,Female,21.162.186.204
235,Masha,McEntagart,mmcentagart6i@cmu.edu,Female,216.72.211.95
236,Randal,Bunnell,rbunnell6j@amazon.de,Agender,128.233.45.15
237,Keelby,Gumbrell,kgumbrell6k@tripadvisor.com,Male,147.34.39.125
238,Sebastian,Rizon,srizon6l@dedecms.com,Male,81.243.208.183
239,Reg,Proudlock,rproudlock6m@bloglovin.com,Male,86.9.34.227
240,Wilt,Fludder,wfludder6n@hao123.com,Male,0.167.132.105
241,Gigi,Dunnion,gdunnion6o@nhs.uk,Female,132.142.42.64
242,Ravi,Clarridge,rclarridge6p@ebay.com,Male,169.181.122.197
243,Cicily,Grundell,cgrundell6q@51.la,Polygender,230.129.9.133
244,Lucky,Liverseege,lliverseege6r@ca.gov,Female,44.181.88.131
245,Huey,De Robertis,hderobertis6s@hugedomains.com,Male,203.197.97.28
246,Artur,Ballance,aballance6t@shop-pro.jp,Male,131.166.2.114
247,Melissa,Batiste,mbatiste6u@virginia.edu,Female,239.26.39.237
248,Jessa,Starmont,jstarmont6v@bloglines.com,Female,199.250.121.175
249,Balduin,Leyton,bleyton6w@fotki.com,Male,237.150.79.168
250,Evonne,Legrice,elegrice6x@flickr.com,Female,84.159.181.79
251,Biddie,Maghull,bmaghull6y@nps.gov,Female,218.231.4.91
252,Gwen,Nottingam,gnottingam6z@t-online.de,Female,227.11.106.74
253,Gabrielle,Hassur,ghassur70@pinterest.com,Female,140.74.39.66
254,Patty,Santus,psantus71@epa.gov,Male,123.154.184.230
255,Royal,Stallard,rstallard72@ask.com,Male,36.16.38.246
256,Roxie,Bohlin,rbohlin73@skype.com,Female,50.113.228.226
257,Kean,Kuhnke,kkuhnke74@blogtalkradio.com,Male,143.240.229.63
258,Bertrand,Rumsby,brumsby75@google.es,Male,185.126.99.239
259,Morley,Mirralls,mmirralls76@theatlantic.com,Male,28.156.52.148
260,Hurley,Lethebridge,hlethebridge77@sohu.com,Male,232.95.17.126
261,Gisele,Chittleburgh,gchittleburgh78@cafepress.com,Female,179.208.219.133
262,Arden,Lewins,alewins79@histats.com,Female,232.113.208.27
263,Gayla,Prophet,gprophet7a@ocn.ne.jp,Female,207.168.74.49
264,Veda,South,vsouth7b@stanford.edu,Female,78.79.145.140
265,Karina,Rosander,krosander7c@unesco.org,Female,172.172.195.239
266,Laurel,Maymand,lmaymand7d@nydailynews.com,Female,222.254.245.76
267,Gussi,O'Connell,goconnell7e@goo.ne.jp,Non-binary,195.227.250.109
268,Hasheem,Longworthy,hlongworthy7f@soundcloud.com,Male,202.238.101.51
269,Jorgan,Kehir,jkehir7g@unesco.org,Male,162.101.37.186
270,Ferdie,Koles,fkoles7h@cbc.ca,Male,116.55.133.102
271,Evanne,Volkers,evolkers7i@merriam-webster.com,Female,108.58.54.213
272,Millicent,Leyburn,mleyburn7j@linkedin.com,Female,232.9.225.194
273,Francklyn,Bartod,fbartod7k@mozilla.com,Male,149.67.80.241
274,Ambrose,Pourveer,apourveer7l@nationalgeographic.com,Male,65.192.90.88
275,Marian,Narbett,mnarbett7m@washington.edu,Female,66.46.105.98
276,Lee,Castillou,lcastillou7n@reverbnation.com,Female,59.73.173.14
277,Bernice,Effaunt,beffaunt7o@qq.com,Genderqueer,137.183.99.92
278,Ardenia,Mayor,amayor7p@alibaba.com,Female,44.61.70.31
279,Jodi,Larder,jlarder7q@tiny.cc,Female,11.138.56.214
280,Kriste,Fleetwood,kfleetwood7r@cyberchimps.com,Female,175.37.24.212
281,Dael,Rearden,drearden7s@moonfruit.com,Female,119.254.239.157
282,Deana,Jeram,djeram7t@army.mil,Non-binary,46.47.209.214
283,Joana,Whye,jwhye7u@biglobe.ne.jp,Female,203.68.231.43
284,Desirae,Dickie,ddickie7v@creativecommons.org,Female,174.64.146.163
285,Nyssa,Dyerson,ndyerson7w@tripadvisor.com,Female,207.71.199.243
286,Klarika,felip,kfelip7x@privacy.gov.au,Female,91.102.68.201
287,Dorita,Braidwood,dbraidwood7y@about.me,Female,105.245.24.39
288,Eddie,Sothern,esothern7z@europa.eu,Female,13.54.35.18
289,Kari,Rosell,krosell80@techcrunch.com,Non-binary,160.171.113.251
290,Clary,Surgison,csurgison81@sitemeter.com,Female,189.179.76.150
291,Gloriana,Minucci,gminucci82@cam.ac.uk,Female,90.59.161.186
292,Constantine,Kuhnwald,ckuhnwald83@feedburner.com,Female,105.8.123.61
293,Hammad,Bodd,hbodd84@phoca.cz,Male,52.55.58.59
294,Seana,Drinkwater,sdrinkwater85@blinklist.com,Female,193.190.207.56
295,Maurice,Pylkynyton,mpylkynyton86@paypal.com,Polygender,151.17.168.155
296,Lewie,Sheehy,lsheehy87@nba.com,Male,217.18.250.241
297,Dylan,Vice,dvice88@taobao.com,Male,232.150.169.76
298,Elmo,Maryet,emaryet89@netlog.com,Male,153.72.196.207
299,Yule,Haggleton,yhaggleton8a@squarespace.com,Male,96.47.17.56
300,Chicky,Rouke,crouke8b@jalbum.net,Female,214.102.95.6
301,Wiley,Tindall,wtindall8c@skyrock.com,Male,230.182.54.5
302,Crosby,Van den Velden,cvandenvelden8d@newsvine.com,Male,252.190.66.101
303,Nicoline,Deex,ndeex8e@ustream.tv,Female,71.185.238.168
304,Brenden,Tennock,btennock8f@fotki.com,Male,251.5.57.184
305,Claudio,Pancost,cpancost8g@apple.com,Male,151.40.74.189
306,Reg,Pogson,rpogson8h@geocities.com,Male,233.121.4.129
307,Halley,Websdale,hwebsdale8i@fotki.com,Female,1.255.66.173
308,Hamilton,Spellworth,hspellworth8j@qq.com,Male,227.133.65.182
309,Hewett,Crucitti,hcrucitti8k@spiegel.de,Male,237.233.252.117
310,Rozella,Dome,rdome8l@comcast.net,Female,171.170.13.175
311,Tedra,Ashborn,tashborn8m@apache.org,Female,162.128.55.212
312,Beck,Alwen,balwen8n@instagram.com,Male,26.218.23.65
313,Cari,Lineen,clineen8o@techcrunch.com,Female,117.6.215.242
314,Giacopo,Cardwell,gcardwell8p@mac.com,Male,82.190.102.205
315,Granthem,Rooksby,grooksby8q@yandex.ru,Male,136.22.60.182
316,Cilka,Wildbore,cwildbore8r@plala.or.jp,Female,19.29.129.226
317,Hewet,Exroll,hexroll8s@gmpg.org,Male,138.184.80.61
318,Geordie,Booker,gbooker8t@theguardian.com,Male,73.100.232.241
319,Shannon,List,slist8u@disqus.com,Male,84.96.230.38
320,Michael,Lippiatt,mlippiatt8v@nba.com,Male,73.194.56.4
321,Ruprecht,Moehle,rmoehle8w@storify.com,Male,118.75.207.103
322,Clarke,Spellward,cspellward8x@live.com,Male,156.124.175.142
323,Alfonse,Wardel,awardel8y@marketwatch.com,Male,74.233.150.47
324,Jose,Bravington,jbravington8z@bing.com,Male,139.66.42.110
325,Corrinne,Wakeham,cwakeham90@archive.org,Female,51.184.115.217
326,Amalea,Flintiff,aflintiff91@hugedomains.com,Female,100.52.5.179
327,Tammy,Joslow,tjoslow92@latimes.com,Male,2.117.171.82
328,Anderson,Brendeke,abrendeke93@marketwatch.com,Male,70.63.177.139
329,Ricca,Safe,rsafe94@loc.gov,Female,176.27.74.63
330,Florian,Purser,fpurser95@mac.com,Male,178.232.92.8
331,Robers,Gudde,rgudde96@live.com,Agender,35.190.188.119
332,Yvonne,MacKenny,ymackenny97@archive.org,Female,87.195.164.182
333,Fayre,Sill,fsill98@mapquest.com,Female,230.249.38.196
334,Irv,Demougeot,idemougeot99@linkedin.com,Male,228.231.234.178
335,Kenon,Presnall,kpresnall9a@51.la,Male,24.83.118.56
336,Huberto,Grinnikov,hgrinnikov9b@tumblr.com,Male,249.236.65.144
337,Crystal,Entwisle,centwisle9c@earthlink.net,Female,234.62.231.122
338,Uriel,Gullen,ugullen9d@ca.gov,Male,5.255.200.166
339,Wilek,Kunzler,wkunzler9e@discuz.net,Male,181.180.119.79
340,Sunny,Zanicchi,szanicchi9f@cbc.ca,Female,74.219.71.123
341,Romy,Fidilis,rfidilis9g@seesaa.net,Female,249.22.184.33
342,Seumas,Dominici,sdominici9h@usgs.gov,Male,157.11.74.45
343,Eberto,Percy,epercy9i@europa.eu,Male,240.94.45.121
344,Rebeca,Kilmartin,rkilmartin9j@adobe.com,Female,142.244.63.220
345,Raviv,Lotwich,rlotwich9k@opensource.org,Male,254.43.18.24
346,Jimmie,Thomasson,jthomasson9l@webs.com,Male,72.193.207.26
347,Irvine,Branford,ibranford9m@miibeian.gov.cn,Male,163.116.237.183
348,Trixi,Arnal,tarnal9n@bluehost.com,Polygender,134.21.1.66
349,See,Satterlee,ssatterlee9o@google.co.jp,Male,110.202.90.137
350,Natale,Saban,nsaban9p@theatlantic.com,Male,150.251.183.173
351,Josey,Booty,jbooty9q@archive.org,Female,181.204.233.13
352,Alvis,Webland,awebland9r@si.edu,Male,242.134.51.158
353,Rafe,Bourner,rbourner9s@seattletimes.com,Male,176.11.204.151
354,Joly,Giddins,jgiddins9t@jugem.jp,Female,27.91.232.117
355,Kendrick,Gissop,kgissop9u@comcast.net,Male,14.35.14.87
356,Clevie,Cardo,ccardo9v@cpanel.net,Male,153.34.234.119
357,Nikolaus,Blitz,nblitz9w@huffingtonpost.com,Genderfluid,78.238.196.33
358,Thomasina,Blasgen,tblasgen9x@hhs.gov,Female,99.12.238.206
359,Billy,Borkin,bborkin9y@businessinsider.com,Male,103.53.1.181
360,Tallulah,Skitt,tskitt9z@umn.edu,Female,95.124.145.58
361,Leupold,Ponten,lpontena0@163.com,Male,165.207.52.204
362,Darb,Caraher,dcarahera1@google.de,Male,91.23.44.28
363,Misti,Lindstrom,mlindstroma2@e-recht24.de,Female,72.143.110.231
364,Thibaut,Luckcuck,tluckcucka3@blogs.com,Genderqueer,162.3.40.161
365,Brooks,Staines,bstainesa4@prnewswire.com,Female,193.16.14.244
366,Giovanni,Stowe,gstowea5@eventbrite.com,Male,252.20.166.74
367,Wit,Sidle,wsidlea6@cpanel.net,Male,165.110.117.110
368,Caryl,Selway,cselwaya7@adobe.com,Male,180.20.148.181
369,Augusto,Dufore,aduforea8@google.ru,Male,187.98.225.247
370,Jeremias,Bulger,jbulgera9@macromedia.com,Male,23.188.184.82
371,Faustine,Van Giffen,fvangiffenaa@domainmarket.com,Female,202.80.251.213
372,Jorie,McNulty,jmcnultyab@nsw.gov.au,Female,227.138.113.163
373,Eal,Lavallie,elavallieac@e-recht24.de,Non-binary,12.13.181.129
374,Octavia,Beldham,obeldhamad@bandcamp.com,Female,96.116.125.252
375,Casper,Vasyukhnov,cvasyukhnovae@wired.com,Male,3.133.218.229
376,Desirae,Braisted,dbraistedaf@behance.net,Genderqueer,21.18.167.90
377,Nicko,Atteridge,natteridgeag@mail.ru,Male,228.11.110.81
378,Frankie,Giacovazzo,fgiacovazzoah@wp.com,Male,107.96.59.142
379,Vick,Goodred,vgoodredai@dedecms.com,Male,203.160.110.212
380,Hillard,Rubanenko,hrubanenkoaj@pcworld.com,Male,161.104.37.239
381,Torre,Smiley,tsmileyak@buzzfeed.com,Male,222.152.213.127
382,Adele,Whiteside,awhitesideal@comcast.net,Female,218.126.162.93
383,Liane,Ortzen,lortzenam@slate.com,Female,15.219.78.223
384,Belicia,Benninck,bbenninckan@cnn.com,Female,25.187.224.15
385,Nat,Parkhouse,nparkhouseao@barnesandnoble.com,Male,99.179.118.88
386,Gorden,Supple,gsuppleap@seattletimes.com,Male,225.17.148.71
387,Stacee,Giacovazzo,sgiacovazzoaq@huffingtonpost.com,Female,133.233.68.183
388,Betsey,Shearsby,bshearsbyar@aboutads.info,Female,87.151.42.19
389,Kacie,Gerardin,kgerardinas@si.edu,Female,2.159.65.91
390,Ulrikaumeko,Matveiko,umatveikoat@ted.com,Female,198.217.146.70
391,Neel,Clementucci,nclementucciau@sitemeter.com,Male,189.187.29.137
392,Marrissa,Ferandez,mferandezav@wufoo.com,Female,241.62.54.97
393,Lovell,Sandercock,lsandercockaw@example.com,Male,235.204.169.140
394,Kincaid,Vidyapin,kvidyapinax@blogspot.com,Polygender,215.75.65.174
395,Mychal,Walhedd,mwalhedday@miibeian.gov.cn,Male,100.125.84.145
396,Anthiathia,Champerlen,achamperlenaz@msn.com,Female,189.190.29.236
397,Mora,Raphael,mraphaelb0@scribd.com,Female,79.19.99.156
398,Burty,Feeny,bfeenyb1@ebay.co.uk,Genderfluid,28.200.22.149
399,Janot,Langton,jlangtonb2@photobucket.com,Female,235.77.232.62
400,Nedi,Markwick,nmarkwickb3@sfgate.com,Female,83.64.127.72
401,Britt,Sidlow,bsidlowb4@apple.com,Female,233.140.149.107
402,Berkly,Bamlett,bbamlettb5@list-manage.com,Male,110.219.67.55
403,Cordey,Grigoliis,cgrigoliisb6@hibu.com,Female,105.21.145.157
404,Elroy,Kyffin,ekyffinb7@twitter.com,Male,157.147.57.70
405,Rudyard,Ciepluch,rciepluchb8@auda.org.au,Male,64.99.145.243
406,Trenton,Nutting,tnuttingb9@homestead.com,Male,78.156.34.252
407,Janine,Urwin,jurwinba@addthis.com,Female,18.191.50.180
408,Giselle,Cleminson,gcleminsonbb@squidoo.com,Female,131.30.177.247
409,Gene,Breyt,gbreytbc@constantcontact.com,Male,12.97.158.107
410,Philippe,Jansie,pjansiebd@sciencedirect.com,Female,7.168.181.203
411,Lissi,MacCafferky,lmaccafferkybe@oracle.com,Female,127.96.233.197
412,Lily,Gutcher,lgutcherbf@squarespace.com,Female,85.95.127.85
413,Elicia,Koschke,ekoschkebg@flickr.com,Female,239.16.103.66
414,Lazare,Betton,lbettonbh@google.it,Male,14.150.88.37
415,Annette,Duggary,aduggarybi@sohu.com,Female,89.17.21.66
416,Derby,Gilman,dgilmanbj@pagesperso-orange.fr,Male,105.99.38.66
417,Glynis,Bonniface,gbonnifacebk@mapquest.com,Female,163.225.187.47
418,Ralph,Frere,rfrerebl@wix.com,Male,107.173.149.136
419,Garek,Lathleiff,glathleiffbm@wikimedia.org,Male,126.197.67.54
420,Donny,Leverson,dleversonbn@miitbeian.gov.cn,Female,143.31.86.71
421,Maurizia,O'Mara,momarabo@abc.net.au,Female,80.62.154.60
422,Jordanna,Syers,jsyersbp@seattletimes.com,Female,240.103.182.243
423,Allx,Goolding,agooldingbq@mediafire.com,Female,44.177.43.32
424,Avram,Soots,asootsbr@homestead.com,Genderfluid,120.182.170.76
425,Keri,Bulbrook,kbulbrookbs@reuters.com,Female,9.246.118.72
426,Dilan,Domonkos,ddomonkosbt@google.com.au,Male,35.243.220.182
427,Nate,Coulter,ncoulterbu@ask.com,Male,230.80.238.149
428,Andrei,Tilbury,atilburybv@nih.gov,Female,163.24.216.204
429,Pearline,Duny,pdunybw@admin.ch,Female,88.136.159.94
430,Lisle,Herculeson,lherculesonbx@salon.com,Male,176.106.238.219
431,Bruis,Spennock,bspennockby@dyndns.org,Male,234.58.244.199
432,Arlene,Jonson,ajonsonbz@ucla.edu,Female,166.253.109.192
433,Charmion,Sodo,csodoc0@cargocollective.com,Female,91.194.9.2
434,Jeremie,Boulde,jbouldec1@newsvine.com,Genderfluid,132.156.171.166
435,Solomon,Yashaev,syashaevc2@instagram.com,Male,90.252.191.191
436,Roth,Richings,rrichingsc3@trellian.com,Male,82.94.13.21
437,Gradeigh,Kiljan,gkiljanc4@surveymonkey.com,Male,228.94.25.252
438,Wynn,Lovel,wlovelc5@toplist.cz,Male,136.98.132.154
439,Stepha,Varvell,svarvellc6@tuttocitta.it,Female,83.105.122.123
440,Eb,Aartsen,eaartsenc7@tumblr.com,Male,252.253.107.183
441,Henrietta,Sherlock,hsherlockc8@merriam-webster.com,Female,213.122.27.228
442,Pattie,Clutterbuck,pclutterbuckc9@wikipedia.org,Male,253.89.40.109
443,Scarlett,Kneath,skneathca@jalbum.net,Female,175.154.17.151
444,Charyl,Leonarde,cleonardecb@sina.com.cn,Female,181.178.160.165
445,Lionel,Clerk,lclerkcc@usa.gov,Male,229.251.207.67
446,Annabal,Featherby,afeatherbycd@spotify.com,Female,28.138.78.81
447,Vernice,Pover,vpoverce@cbslocal.com,Female,18.136.95.220
448,Friederike,Stanier,fstaniercf@rediff.com,Female,22.118.245.160
449,Gracia,Littlemore,glittlemorecg@ifeng.com,Polygender,147.94.249.209
450,Marylinda,Yacobsohn,myacobsohnch@google.cn,Female,183.193.223.79
451,Shirlee,Sybe,ssybeci@1und1.de,Non-binary,12.117.205.73
452,Sonni,Simpson,ssimpsoncj@amazon.de,Female,115.74.126.42
453,Tyrus,Gamblin,tgamblinck@bluehost.com,Male,37.105.156.152
454,Cayla,MacGinney,cmacginneycl@telegraph.co.uk,Female,21.222.120.224
455,Esme,Bassham,ebasshamcm@telegraph.co.uk,Male,123.101.7.251
456,Dorrie,Heffer,dheffercn@google.ru,Female,85.7.46.109
457,Malorie,Bentham3,mbenthamco@wix.com,Female,200.51.118.94
458,Arthur,Venners,avennerscp@weebly.com,Male,91.43.161.35
459,Addison,Fateley,afateleycq@unesco.org,Male,196.155.37.6
460,Meredithe,Bernon,mbernoncr@wiley.com,Female,164.230.184.31
461,Vale,Agastina,vagastinacs@economist.com,Male,170.159.109.141
462,Edouard,Derell,ederellct@va.gov,Male,127.229.159.40
463,Dalenna,Bucklee,dbuckleecu@alibaba.com,Female,92.58.245.174
464,Romy,Kunzelmann,rkunzelmanncv@biblegateway.com,Female,4.182.181.24
465,Bentley,Tosspell,btosspellcw@umich.edu,Male,174.237.91.189
466,Goldina,Kidby,gkidbycx@netlog.com,Female,153.59.28.219
467,Dav,Jollie,djolliecy@quantcast.com,Non-binary,222.75.50.169
468,Aimee,Janiak,ajaniakcz@go.com,Female,10.141.7.221
469,Gaylor,Faley,gfaleyd0@photobucket.com,Male,14.209.206.228
470,Leisha,Lanfare,llanfared1@epa.gov,Female,204.157.68.186
471,Theobald,Blanking,tblankingd2@plala.or.jp,Male,68.233.188.127
472,Kliment,Davidovitz,kdavidovitzd3@cnn.com,Male,117.213.34.28
473,Obadias,Verbrugge,overbrugged4@mlb.com,Male,184.193.46.185
474,Geordie,Yerrell,gyerrelld5@nih.gov,Male,221.15.157.47
475,Reinhold,D'Hooghe,rdhooghed6@dion.ne.jp,Male,140.247.134.223
476,Kenon,Fust,kfustd7@nyu.edu,Male,211.60.163.216
477,Horacio,Preon,hpreond8@ihg.com,Male,110.16.138.54
478,Dahlia,Still,dstilld9@vk.com,Female,205.165.6.97
479,Shirlene,Hoyes,shoyesda@a8.net,Female,40.160.237.15
480,Alverta,Drees,adreesdb@mayoclinic.com,Female,149.114.35.185
481,Colette,Breedy,cbreedydc@timesonline.co.uk,Female,96.190.83.213
482,Baxter,Shand,bshanddd@elegantthemes.com,Male,254.149.53.91
483,Burke,Mynott,bmynottde@nba.com,Male,53.99.13.145
484,Kyle,Ossipenko,kossipenkodf@lulu.com,Male,190.8.21.175
485,Marci,Gobel,mgobeldg@illinois.edu,Non-binary,206.199.127.216
486,Vicky,Ninnoli,vninnolidh@nymag.com,Female,144.239.160.168
487,Wendi,Dessant,wdessantdi@infoseek.co.jp,Female,183.58.94.109
488,Anabelle,Bemwell,abemwelldj@skype.com,Female,52.220.225.148
489,Keely,Jonk,kjonkdk@msn.com,Female,107.228.88.224
490,Quinn,Heggs,qheggsdl@4shared.com,Female,210.168.30.79
491,Celene,Outridge,coutridgedm@mayoclinic.com,Female,3.104.153.3
492,Davis,Bartak,dbartakdn@bluehost.com,Male,192.230.89.71
493,Hamilton,Ancketill,hancketilldo@harvard.edu,Male,196.80.243.183
494,Ebony,Chastey,echasteydp@unblog.fr,Female,254.197.117.76
495,Glyn,Paddle,gpaddledq@earthlink.net,Male,136.16.93.35
496,Marchelle,Kintzel,mkintzeldr@amazon.de,Female,181.127.238.11
497,Omar,Farnes,ofarnesds@businesswire.com,Male,184.4.23.74
498,Wylie,Coysh,wcoyshdt@apple.com,Male,12.225.211.81
499,Ansell,Causer,acauserdu@php.net,Male,13.207.25.237
500,Jocelin,Ricards,jricardsdv@nasa.gov,Female,7.93.197.21
501,Mae,Jarret,mjarretdw@economist.com,Female,199.195.213.215
502,Liz,Grzegorzewski,lgrzegorzewskidx@instagram.com,Female,54.191.220.85
503,Garald,Corran,gcorrandy@stanford.edu,Male,244.104.107.143
504,Brunhilda,Pimlott,bpimlottdz@foxnews.com,Female,128.134.7.230
505,Guenevere,Hugli,ghuglie0@newsvine.com,Female,65.154.191.111
506,Davide,Belsey,dbelseye1@e-recht24.de,Male,60.85.158.88
507,Robbie,Bailes,rbailese2@dot.gov,Female,133.176.23.160
508,Lefty,Robertis,lrobertise3@hp.com,Male,246.199.231.66
509,Paula,Sackur,psackure4@vistaprint.com,Female,95.123.213.109
510,Raimundo,Gummary,rgummarye5@reddit.com,Male,19.233.187.185
511,Lydia,McCrystal,lmccrystale6@prnewswire.com,Female,184.69.38.0
512,Sue,Yeardsley,syeardsleye7@un.org,Female,155.183.228.238
513,Goraud,Dachey,gdacheye8@godaddy.com,Male,40.127.157.170
514,Portie,Gaydon,pgaydone9@pinterest.com,Male,214.13.77.193
515,Stephanie,Girdwood,sgirdwoodea@bing.com,Female,19.47.11.74
516,Sylvan,O'Hickey,sohickeyeb@chronoengine.com,Male,253.124.43.198
517,Hart,Sywell,hsywellec@weather.com,Non-binary,91.68.177.184
518,Taber,Blackstone,tblackstoneed@homestead.com,Male,79.124.101.22
519,Jada,Normington,jnormingtonee@naver.com,Bigender,139.26.2.221
520,Berky,Lowdham,blowdhamef@hhs.gov,Male,119.148.39.151
521,Nelle,Purser,npursereg@foxnews.com,Female,126.174.65.103
522,Giulia,Oxherd,goxherdeh@hubpages.com,Female,103.201.197.178
523,Lockwood,Sein,lseinei@marketwatch.com,Male,29.178.123.252
524,Ruthie,Stebles,rsteblesej@nature.com,Female,86.136.242.214
525,Melodee,OIlier,moilierek@meetup.com,Female,172.63.220.142
526,Edwina,Middas,emiddasel@kickstarter.com,Female,127.184.10.234
527,Lazar,Lazenby,llazenbyem@va.gov,Male,186.48.71.106
528,Pinchas,Podmore,ppodmoreen@illinois.edu,Male,30.119.14.205
529,Haven,Pau,hpaueo@icio.us,Male,72.244.134.118
530,Rudie,Wearden,rweardenep@homestead.com,Male,244.7.18.61
531,Sig,Philcott,sphilcotteq@mtv.com,Male,45.63.16.91
532,Willabella,Mursell,wmurseller@wikispaces.com,Non-binary,85.245.86.106
533,Paolina,Zellner,pzellneres@cnn.com,Female,140.161.79.93
534,Denna,Begent,dbegentet@dmoz.org,Female,70.96.29.220
535,Jacky,Kenvin,jkenvineu@de.vu,Female,61.177.107.231
536,Karrie,Curcher,kcurcherev@ustream.tv,Female,9.160.135.79
537,Vincents,Wheelwright,vwheelwrightew@usatoday.com,Male,7.154.164.206
538,Katuscha,Nafziger,knafzigerex@desdev.cn,Female,87.74.24.226
539,Jasmina,Gaspero,jgasperoey@elegantthemes.com,Female,234.236.140.228
540,Tris,Franzelini,tfranzeliniez@livejournal.com,Male,225.138.55.164
541,Alidia,Klesel,akleself0@dailymail.co.uk,Female,149.47.251.149
542,Zonnya,Hendrickx,zhendrickxf1@opensource.org,Female,111.158.99.62
543,Hilarius,Clipston,hclipstonf2@4shared.com,Male,224.118.154.131
544,Lura,Kobisch,lkobischf3@ezinearticles.com,Female,234.42.251.156
545,Erroll,Beine,ebeinef4@berkeley.edu,Male,180.32.92.14
546,Kirsten,Klos,kklosf5@aboutads.info,Female,88.153.40.254
547,Shirl,Hainey`,shaineyf6@cnet.com,Female,69.116.215.241
548,Thatcher,Drioli,tdriolif7@theatlantic.com,Male,230.128.80.181
549,Octavia,Danielou,odanielouf8@marketwatch.com,Female,224.100.9.81
550,Zaccaria,Tamblingson,ztamblingsonf9@pinterest.com,Male,120.5.202.219
551,Cammy,Liddall,cliddallfa@latimes.com,Male,137.108.226.27
552,Kristi,Hatton,khattonfb@earthlink.net,Female,120.196.243.254
553,Silvia,Castagnone,scastagnonefc@ft.com,Female,36.184.15.179
554,Chariot,Evans,cevansfd@msu.edu,Male,43.200.140.152
555,Karin,Grace,kgracefe@jiathis.com,Female,46.195.128.172
556,Hugibert,Pickless,hpicklessff@deliciousdays.com,Male,248.242.241.95
557,Sergio,Simister,ssimisterfg@businessweek.com,Male,7.177.145.205
558,Larry,Bogue,lboguefh@nps.gov,Male,94.249.203.18
559,Kerry,Janczyk,kjanczykfi@bloomberg.com,Male,10.227.163.150
560,Robinia,Nolot,rnolotfj@eventbrite.com,Female,144.42.237.142
561,Aurea,Puleque,apulequefk@washington.edu,Female,111.5.120.229
562,Lexi,Cumberpatch,lcumberpatchfl@bluehost.com,Female,197.210.2.158
563,Jephthah,Klehn,jklehnfm@independent.co.uk,Male,16.239.252.17
564,Farica,Rothchild,frothchildfn@domainmarket.com,Female,195.1.204.137
565,Bernie,Lowfill,blowfillfo@cisco.com,Male,89.66.16.244
566,Gilemette,Hovert,ghovertfp@adobe.com,Female,19.228.177.32
567,Naoma,Evemy,nevemyfq@twitter.com,Agender,130.41.152.5
568,Joane,Rumgay,jrumgayfr@dell.com,Female,205.137.123.217
569,Grazia,Stobbart,gstobbartfs@photobucket.com,Female,98.171.94.94
570,Jorge,Castanares,jcastanaresft@nifty.com,Non-binary,86.30.248.93
571,Cherlyn,Slateford,cslatefordfu@icio.us,Female,188.59.54.36
572,Lulu,Crips,lcripsfv@usgs.gov,Female,3.124.255.67
573,Wood,O'Spellissey,wospellisseyfw@google.com.br,Male,242.182.40.30
574,Delly,Silver,dsilverfx@miibeian.gov.cn,Genderfluid,140.254.104.149
575,Tina,Slamaker,tslamakerfy@twitter.com,Genderfluid,56.126.198.161
576,Quent,Jopp,qjoppfz@spiegel.de,Male,102.7.65.156
577,Freemon,Bonnick,fbonnickg0@bizjournals.com,Male,145.205.37.198
578,Ransell,Kermannes,rkermannesg1@flickr.com,Male,83.120.52.173
579,Aguie,Jeenes,ajeenesg2@nyu.edu,Agender,204.71.195.39
580,Codi,Mulhall,cmulhallg3@foxnews.com,Male,126.113.195.161
581,Ariel,Spilsburie,aspilsburieg4@facebook.com,Male,49.162.105.241
582,Sibyl,Philp,sphilpg5@vinaora.com,Male,150.131.121.101
583,Cass,Peaden,cpeadeng6@over-blog.com,Female,173.152.231.22
584,Ingar,Cawdell,icawdellg7@yellowpages.com,Polygender,94.225.182.191
585,Florance,Orneles,fornelesg8@microsoft.com,Female,165.144.80.199
586,Suzanne,Mackieson,smackiesong9@t.co,Female,208.79.207.255
587,Leann,Poytheras,lpoytherasga@amazon.com,Female,109.6.59.99
588,Derick,Laurenty,dlaurentygb@berkeley.edu,Bigender,227.136.159.187
589,Tally,Jacobsen,tjacobsengc@loc.gov,Genderqueer,194.38.165.111
590,Joeann,Breeze,jbreezegd@europa.eu,Female,126.75.80.174
591,Maximo,Chaters,mchatersge@nationalgeographic.com,Male,255.170.195.224
592,Annabell,Gedling,agedlinggf@census.gov,Female,41.4.206.125
593,Kale,Ofener,kofenergg@cornell.edu,Male,79.160.235.129
594,Cecily,Viste,cvistegh@mayoclinic.com,Female,91.115.143.84
595,Josy,Mourant,jmourantgi@china.com.cn,Female,217.219.71.127
596,Reggis,McGaffey,rmcgaffeygj@naver.com,Male,120.213.192.110
597,Alva,Pinard,apinardgk@google.com.br,Male,202.243.185.99
598,Milty,Fackrell,mfackrellgl@mit.edu,Male,120.165.208.30
599,Doris,Hulcoop,dhulcoopgm@webs.com,Female,180.88.224.98
600,Petronilla,Penritt,ppenrittgn@apple.com,Genderfluid,241.198.13.89
601,Casar,Dellatorre,cdellatorrego@ow.ly,Male,27.248.195.81
602,Padraic,Ricciardiello,pricciardiellogp@wufoo.com,Male,46.255.84.58
603,Janina,Winslett,jwinslettgq@ebay.co.uk,Female,141.100.46.105
604,Aidan,Saull,asaullgr@hostgator.com,Female,227.230.138.137
605,Abbie,Selvey,aselveygs@boston.com,Female,70.144.52.87
606,Laurence,Mattedi,lmattedigt@paginegialle.it,Male,232.216.172.91
607,Fanya,MacKartan,fmackartangu@fotki.com,Female,125.48.32.169
608,Fanchon,Panchen,fpanchengv@over-blog.com,Female,203.220.15.4
609,Henderson,Ramalho,hramalhogw@macromedia.com,Male,122.8.152.154
610,Tammara,Kerswell,tkerswellgx@shop-pro.jp,Female,235.54.142.106
611,Lyman,Gabala,lgabalagy@businessweek.com,Male,231.58.138.10
612,Stephine,Killford,skillfordgz@hud.gov,Female,66.181.115.81
613,Hi,Behrend,hbehrendh0@exblog.jp,Male,177.141.84.240
614,Tremain,Teasell,tteasellh1@google.com.hk,Male,207.214.120.27
615,Sarge,Vowell,svowellh2@purevolume.com,Non-binary,151.75.37.19
616,Travers,Fulbrook,tfulbrookh3@indiegogo.com,Male,100.157.107.27
617,Rosalynd,Vaar,rvaarh4@scribd.com,Female,85.182.191.107
618,Danette,Slatcher,dslatcherh5@weibo.com,Female,34.158.52.86
619,York,Geggie,ygeggieh6@ft.com,Male,24.114.46.248
620,Karlie,Wheeler,kwheelerh7@facebook.com,Female,39.37.116.231
621,Deny,Chaudron,dchaudronh8@hibu.com,Female,27.7.4.174
622,Kriste,Libbe,klibbeh9@altervista.org,Female,32.172.54.238
623,Nevile,Grisdale,ngrisdaleha@virginia.edu,Male,44.206.115.209
624,Steffie,Longlands,slonglandshb@arstechnica.com,Female,5.150.175.30
625,Rhonda,McInnes,rmcinneshc@yellowbook.com,Female,221.81.253.23
626,Beryl,Vedeneev,bvedeneevhd@hud.gov,Female,219.152.141.65
627,Kane,Hagard,khagardhe@wisc.edu,Male,42.159.115.46
628,Robbie,Welldrake,rwelldrakehf@bbc.co.uk,Male,50.249.16.80
629,Camille,Sulley,csulleyhg@geocities.jp,Female,73.220.172.165
630,Fairleigh,Bahia,fbahiahh@upenn.edu,Male,138.158.192.89
631,Lynea,Pandya,lpandyahi@aol.com,Female,92.64.229.98
632,Batsheva,Whittlesea,bwhittleseahj@tinypic.com,Agender,108.46.74.238
633,Dewain,De Gowe,ddegowehk@issuu.com,Male,58.146.245.58
634,Olympia,Luesley,oluesleyhl@google.ru,Female,131.134.253.81
635,Niels,Burwood,nburwoodhm@feedburner.com,Male,12.196.61.22
636,Halsy,Clemenzo,hclemenzohn@unblog.fr,Male,110.182.238.194
637,Christina,Adamsen,cadamsenho@twitter.com,Genderqueer,122.18.215.43
638,Rosemarie,Block,rblockhp@rediff.com,Female,29.232.82.236
639,Nester,Dunniom,ndunniomhq@nsw.gov.au,Male,101.41.224.229
640,Hayes,Glenwright,hglenwrighthr@goodreads.com,Male,186.203.252.222
641,Stoddard,Georgelin,sgeorgelinhs@blinklist.com,Female,80.142.219.214
642,Florina,Regorz,fregorzht@netscape.com,Female,5.168.55.39
643,Franklin,Chatteris,fchatterishu@redcross.org,Male,142.217.125.54
644,Trescha,Trimme,ttrimmehv@tiny.cc,Female,43.113.93.70
645,Jess,Extall,jextallhw@bloomberg.com,Male,5.221.61.140
646,Duffy,Hyrons,dhyronshx@sourceforge.net,Male,255.226.47.75
647,Milena,Ludgrove,mludgrovehy@flavors.me,Female,244.144.80.217
648,Christen,Brobyn,cbrobynhz@imdb.com,Female,60.92.56.235
649,Gery,Espinet,gespineti0@1688.com,Male,43.3.232.231
650,Iosep,Yardy,iyardyi1@exblog.jp,Male,108.38.185.227
651,Giff,Litt,glitti2@tiny.cc,Male,170.162.63.173
652,Salmon,Heindl,sheindli3@forbes.com,Male,186.144.211.250
653,Terza,Errey,terreyi4@si.edu,Female,225.30.221.195
654,Brad,Darbishire,bdarbishirei5@amazon.co.uk,Bigender,151.150.137.93
655,Muriel,Obington,mobingtoni6@prnewswire.com,Female,42.84.115.16
656,Alicea,Ortsmann,aortsmanni7@auda.org.au,Agender,252.212.120.97
657,Raleigh,O'Hagan,rohagani8@g.co,Male,111.150.101.208
658,Delmore,Tennison,dtennisoni9@un.org,Male,226.19.6.94
659,Dory,Bennoe,dbennoeia@ibm.com,Polygender,14.70.126.70
660,Sebastian,Alejandro,salejandroib@patch.com,Male,119.42.8.156
661,Michale,Haugg,mhauggic@wikimedia.org,Male,19.200.243.19
662,Truman,Ditts,tdittsid@about.me,Genderqueer,159.249.217.165
663,Kristan,Djorevic,kdjorevicie@xinhuanet.com,Female,63.54.104.113
664,Aldous,Van Merwe,avanmerweif@omniture.com,Genderfluid,190.111.142.180
665,Sophi,Sones,ssonesig@rakuten.co.jp,Bigender,144.18.167.188
666,Mae,Gleave,mgleaveih@redcross.org,Female,100.120.181.35
667,Darius,Delacroix,ddelacroixii@baidu.com,Male,57.46.35.9
668,Roderic,Frizzell,rfrizzellij@dell.com,Male,153.140.251.24
669,Maia,Tithecott,mtithecottik@buzzfeed.com,Genderqueer,181.12.199.192
670,Cleve,Pursey,cpurseyil@ihg.com,Male,108.127.6.152
671,Pippo,Fennessy,pfennessyim@house.gov,Male,127.221.224.162
672,Hildegarde,Gotfrey,hgotfreyin@flickr.com,Female,113.194.196.17
673,Philippine,Shaddock,pshaddockio@flavors.me,Female,229.53.86.202
674,Jeni,Fresson,jfressonip@blogtalkradio.com,Female,122.217.176.116
675,Mariana,Henzley,mhenzleyiq@slideshare.net,Female,29.186.137.251
676,Winthrop,James,wjamesir@digg.com,Bigender,5.134.109.236
677,Dominica,Fraulo,dfraulois@wired.com,Female,177.150.95.178
678,Danette,Kase,dkaseit@noaa.gov,Female,195.75.32.24
679,Rozalin,Matusov,rmatusoviu@webnode.com,Female,142.2.227.244
680,Phip,Dwelley,pdwelleyiv@tamu.edu,Male,128.6.174.5
681,Nolie,Brand-Hardy,nbrandhardyiw@cocolog-nifty.com,Female,88.108.40.90
682,Theressa,MacDuff,tmacduffix@webeden.co.uk,Agender,105.96.255.176
683,Devonne,Hedgecock,dhedgecockiy@forbes.com,Female,210.48.153.66
684,Derk,Farmloe,dfarmloeiz@skype.com,Polygender,203.97.18.155
685,Kristy,Corck,kcorckj0@webs.com,Female,243.30.0.226
686,Rose,Kirsop,rkirsopj1@oaic.gov.au,Female,80.84.236.108
687,Randy,Thornally,rthornallyj2@woothemes.com,Female,139.206.253.65
688,Brittany,Doree,bdoreej3@japanpost.jp,Female,17.54.123.98
689,Veronica,Girod,vgirodj4@51.la,Female,239.18.235.137
690,Robbin,Gorusso,rgorussoj5@reverbnation.com,Female,36.35.3.14
691,Mabelle,Giacovelli,mgiacovellij6@cafepress.com,Female,117.13.98.183
692,Tiebout,Rowberry,trowberryj7@bizjournals.com,Male,5.52.211.111
693,Artemas,Norcliffe,anorcliffej8@ifeng.com,Male,31.175.126.109
694,Melisandra,Smithen,msmithenj9@networkadvertising.org,Female,11.133.203.121
695,Ingrid,Tuckie,ituckieja@smugmug.com,Bigender,173.109.134.17
696,Averil,Nana,ananajb@com.com,Female,252.155.151.111
697,Tedd,Bartol,tbartoljc@youtube.com,Male,224.236.59.77
698,Tanner,Hold,tholdjd@paginegialle.it,Male,99.85.8.150
699,Kiley,Baynon,kbaynonje@dot.gov,Female,65.161.98.179
700,Anstice,Costall,acostalljf@mit.edu,Female,78.242.239.165
701,Brandtr,Gason,bgasonjg@indiatimes.com,Bigender,88.74.184.91
702,Gwenette,Eckersley,geckersleyjh@fotki.com,Female,123.226.149.148
703,Leonhard,Ceyssen,lceyssenji@newyorker.com,Male,51.154.178.49
704,Pancho,Barttrum,pbarttrumjj@hexun.com,Male,87.187.140.22
705,Annelise,Ebbing,aebbingjk@geocities.jp,Female,160.170.250.164
706,Bernice,Hurry,bhurryjl@1688.com,Female,31.46.132.191
707,Vidovic,Brydone,vbrydonejm@livejournal.com,Male,139.180.23.201
708,Kailey,Twidell,ktwidelljn@hexun.com,Female,208.254.5.47
709,Lombard,Greste,lgrestejo@vimeo.com,Male,223.192.55.220
710,Catherine,Warbeys,cwarbeysjp@mtv.com,Female,141.11.143.160
711,Glennis,McCosh,gmccoshjq@slashdot.org,Female,101.48.150.87
712,Micah,Fawcett,mfawcettjr@timesonline.co.uk,Male,206.92.180.19
713,Claudell,Rosoni,crosonijs@wikipedia.org,Male,43.236.178.53
714,Matthieu,Kubanek,mkubanekjt@cornell.edu,Male,243.65.32.183
715,Huntlee,Craine,hcraineju@techcrunch.com,Male,128.37.246.70
716,Otho,Boc,obocjv@quantcast.com,Male,116.219.68.80
717,Marleah,Klosser,mklosserjw@npr.org,Female,18.156.216.11
718,Tristan,McKay,tmckayjx@ycombinator.com,Male,215.133.204.178
719,Rosella,Fasler,rfaslerjy@google.pl,Female,166.76.138.168
720,Amara,Nehl,anehljz@uiuc.edu,Female,214.231.241.48
721,Brunhilde,MacShirrie,bmacshirriek0@networksolutions.com,Polygender,202.45.168.65
722,Romonda,Wight,rwightk1@springer.com,Female,239.238.235.208
723,Cyril,Garrie,cgarriek2@princeton.edu,Agender,44.144.126.139
724,Sari,Arling,sarlingk3@squidoo.com,Female,240.151.222.17
725,Arlette,Haslewood,ahaslewoodk4@spiegel.de,Female,174.170.146.156
726,Theresa,Middler,tmiddlerk5@istockphoto.com,Female,122.2.35.81
727,Marline,Gockeler,mgockelerk6@gizmodo.com,Female,21.252.214.98
728,Dalston,Ciccoloi,dciccoloik7@hugedomains.com,Male,64.114.140.174
729,Jeno,Thake,jthakek8@miitbeian.gov.cn,Male,126.116.238.227
730,Asa,Marqyes,amarqyesk9@cloudflare.com,Male,239.174.2.2
731,Tanya,Meriel,tmerielka@cnet.com,Female,99.68.19.8
732,Linn,Knowlson,lknowlsonkb@upenn.edu,Female,83.67.23.216
733,Ruperta,Sabatini,rsabatinikc@naver.com,Polygender,130.142.131.213
734,Bonnee,Renvoise,brenvoisekd@illinois.edu,Genderfluid,156.35.70.108
735,Donica,Benitti,dbenittike@sohu.com,Female,248.217.219.205
736,Miltie,Bullerwell,mbullerwellkf@1und1.de,Male,154.226.14.88
737,Bastien,Metschke,bmetschkekg@fastcompany.com,Male,110.214.113.46
738,Sigismundo,Goslin,sgoslinkh@flickr.com,Male,192.40.223.158
739,Euell,Ianilli,eianilliki@yelp.com,Male,216.27.12.51
740,Jessica,Jaxon,jjaxonkj@booking.com,Female,173.120.68.84
741,Lind,Bertelet,lberteletkk@dmoz.org,Female,131.253.44.190
742,Eamon,Pinching,epinchingkl@is.gd,Male,17.56.128.193
743,Prue,Commuzzo,pcommuzzokm@cloudflare.com,Female,118.77.80.115
744,Deloria,Disbrow,ddisbrowkn@shinystat.com,Female,239.103.98.20
745,Karee,Lamb,klambko@ehow.com,Female,143.73.172.135
746,Micheal,Diaper,mdiaperkp@auda.org.au,Male,50.129.170.195
747,Karlotta,Orrah,korrahkq@oaic.gov.au,Agender,82.138.217.116
748,Marta,Kershow,mkershowkr@soundcloud.com,Female,162.154.144.227
749,Cinderella,Sharland,csharlandks@paginegialle.it,Female,195.43.243.6
750,Inglebert,Johannesson,ijohannessonkt@storify.com,Male,105.176.25.173
751,Clovis,MacKimm,cmackimmku@squarespace.com,Female,238.6.204.125
752,Vida,Delong,vdelongkv@jalbum.net,Female,42.209.40.157
753,Clayborne,Waterdrinker,cwaterdrinkerkw@t-online.de,Male,39.16.194.106
754,Guthrie,Skace,gskacekx@home.pl,Male,64.214.40.218
755,Craggie,Itshak,citshakky@photobucket.com,Male,121.253.126.100
756,Dwayne,Ballchin,dballchinkz@shop-pro.jp,Male,67.74.213.232
757,Enoch,Kopec,ekopecl0@scribd.com,Male,133.244.98.130
758,Mariam,Ericssen,mericssenl1@bbb.org,Female,244.203.97.47
759,Tobin,Poncet,tponcetl2@ft.com,Male,213.137.172.35
760,Melissa,Pidgen,mpidgenl3@bigcartel.com,Female,159.25.255.225
761,Tommie,Trewhella,ttrewhellal4@canalblog.com,Male,105.79.216.139
762,Tobye,Dissman,tdissmanl5@blogspot.com,Agender,125.53.248.145
763,Manfred,Balle,mballel6@psu.edu,Male,218.57.153.6
764,Cathyleen,Jochens,cjochensl7@bing.com,Agender,46.145.145.199
765,Britt,Kimmins,bkimminsl8@nyu.edu,Female,188.177.81.114
766,Coreen,Suthren,csuthrenl9@behance.net,Female,240.236.150.95
767,Mose,Burnitt,mburnittla@simplemachines.org,Male,15.35.48.180
768,Addy,Foxon,afoxonlb@so-net.ne.jp,Female,198.123.110.111
769,Bink,Moquin,bmoquinlc@list-manage.com,Male,170.145.8.132
770,Town,Rosini,trosinild@networkadvertising.org,Male,142.228.238.71
771,Agustin,Notton,anottonle@aboutads.info,Male,252.242.214.234
772,Chrystel,Dimock,cdimocklf@smugmug.com,Female,120.241.223.232
773,Torre,MacNulty,tmacnultylg@hatena.ne.jp,Male,61.129.202.87
774,Merrily,Dumbrell,mdumbrelllh@whitehouse.gov,Female,118.202.128.77
775,Hildagarde,Forsard,hforsardli@sourceforge.net,Female,187.204.255.92
776,Domini,Drysdale,ddrysdalelj@globo.com,Female,104.59.220.138
777,Becki,Wannop,bwannoplk@tamu.edu,Agender,200.26.220.215
778,Lisle,Burnsides,lburnsidesll@unicef.org,Male,75.50.174.22
779,Jonie,Guenther,jguentherlm@artisteer.com,Bigender,3.63.43.153
780,Richy,Longmate,rlongmateln@nih.gov,Male,255.234.6.234
781,Rowen,Vokes,rvokeslo@exblog.jp,Male,201.16.1.165
782,Koral,Hawket,khawketlp@devhub.com,Female,92.216.84.63
783,Viviene,Johnes,vjohneslq@ihg.com,Female,20.26.185.35
784,Bastian,Rubke,brubkelr@whitehouse.gov,Agender,171.197.221.179
785,Jackqueline,Cristofolini,jcristofolinils@washington.edu,Female,52.15.74.16
786,Rodney,Male,rmalelt@dot.gov,Male,157.216.121.187
787,Gaby,Maddie,gmaddielu@about.com,Male,12.162.227.55
788,Trescha,Coverlyn,tcoverlynlv@nifty.com,Female,157.75.72.37
789,Ann,Dybald,adybaldlw@craigslist.org,Female,218.61.217.152
790,Candace,Gooms,cgoomslx@jalbum.net,Female,45.177.173.216
791,Analise,Ettritch,aettritchly@netvibes.com,Female,230.218.52.114
792,Kerwin,Spenton,kspentonlz@4shared.com,Non-binary,179.230.18.127
793,Nickey,Duggen,nduggenm0@nsw.gov.au,Male,83.179.207.181
794,Aldin,Webster,awebsterm1@jugem.jp,Male,6.101.250.45
795,Sheila,Lumsdall,slumsdallm2@mtv.com,Female,25.92.112.193
796,Horton,Lundbech,hlundbechm3@google.fr,Male,140.57.57.238
797,Juana,Saunper,jsaunperm4@columbia.edu,Female,162.58.24.242
798,Corrinne,Goodee,cgoodeem5@comsenz.com,Female,109.210.218.233
799,Emory,Bimrose,ebimrosem6@hatena.ne.jp,Male,178.114.73.206
800,Cyndy,Raden,cradenm7@istockphoto.com,Female,163.65.26.72
801,Johanna,Picford,jpicfordm8@usnews.com,Female,236.39.67.20
802,Noble,Lown,nlownm9@yellowbook.com,Male,13.139.50.73
803,Odey,Japp,ojappma@1688.com,Male,216.84.29.121
804,Mathilda,Ashbolt,mashboltmb@hexun.com,Female,123.220.1.27
805,Rosmunda,Tudhope,rtudhopemc@nhs.uk,Female,42.102.146.6
806,Nobe,Willwood,nwillwoodmd@wikispaces.com,Male,79.15.135.113
807,Gayleen,Jacquemy,gjacquemyme@woothemes.com,Female,7.7.184.41
808,Desmund,Bradneck,dbradneckmf@gizmodo.com,Male,65.41.235.179
809,Kala,Muxworthy,kmuxworthymg@nationalgeographic.com,Female,81.171.13.172
810,Ware,Laherty,wlahertymh@nps.gov,Male,100.68.193.164
811,Gerardo,Bestman,gbestmanmi@businessweek.com,Male,138.163.26.19
812,Dory,Aisbett,daisbettmj@google.nl,Female,0.10.130.82
813,Gae,Stuart,gstuartmk@ted.com,Female,206.185.203.140
814,Lammond,Otham,lothamml@geocities.jp,Male,109.186.144.250
815,Husein,Lavalde,hlavaldemm@amazon.co.jp,Male,168.206.92.28
816,Katey,Nurse,knursemn@mail.ru,Female,220.170.122.173
817,Chaim,Havick,chavickmo@bloglines.com,Male,227.195.170.23
818,Zachery,Saffe,zsaffemp@pen.io,Male,13.5.103.117
819,Justen,Ciccone,jcicconemq@scientificamerican.com,Male,81.102.106.196
820,Elliott,Villalta,evillaltamr@plala.or.jp,Male,140.66.21.37
821,Salomon,Batrim,sbatrimms@cdbaby.com,Male,215.105.18.51
822,Farrel,Sweynson,fsweynsonmt@fc2.com,Male,159.197.43.172
823,Leonelle,Fowlston,lfowlstonmu@columbia.edu,Female,217.49.246.6
824,Hally,Rhydderch,hrhydderchmv@ezinearticles.com,Female,164.101.145.109
825,Glyn,Andrivot,gandrivotmw@fotki.com,Female,234.36.207.13
826,Dan,Daout,ddaoutmx@amazon.com,Genderqueer,13.168.192.238
827,Bradley,Bourner,bbournermy@smugmug.com,Male,113.22.65.244
828,Liliane,Wybrew,lwybrewmz@addtoany.com,Female,121.105.22.43
829,Daphna,Sawell,dsawelln0@qq.com,Female,41.39.143.212
830,Vita,Dibben,vdibbenn1@ucoz.com,Female,190.236.227.0
831,Zacherie,Cattemull,zcattemulln2@xinhuanet.com,Genderqueer,39.166.11.48
832,Husein,Lapidus,hlapidusn3@prlog.org,Male,223.12.188.178
833,Reinald,Aggs,raggsn4@deliciousdays.com,Male,116.30.71.236
834,Briana,Wooton,bwootonn5@time.com,Female,49.237.85.204
835,Hally,Edmonstone,hedmonstonen6@wired.com,Female,68.3.206.205
836,Hulda,Olczyk,holczykn7@shinystat.com,Female,246.98.213.223
837,Toni,Arkle,tarklen8@gnu.org,Female,254.43.113.249
838,Jemie,Doick,jdoickn9@imageshack.us,Female,208.16.22.93
839,Dorita,Danter,ddanterna@shutterfly.com,Bigender,124.70.40.135
840,Melodee,Harewood,mharewoodnb@tmall.com,Female,192.196.127.122
841,Gib,Stoffel,gstoffelnc@nature.com,Male,238.130.229.121
842,Mylo,Georgiev,mgeorgievnd@cargocollective.com,Male,149.95.240.204
843,Derek,Brownlea,dbrownleane@intel.com,Male,99.209.18.251
844,Caye,Swannick,cswannicknf@cmu.edu,Female,144.24.86.105
845,Freddi,Swinley,fswinleyng@noaa.gov,Female,153.20.6.43
846,Devonne,Winchester,dwinchesternh@aol.com,Female,119.57.207.30
847,Kelsy,Ajean,kajeanni@google.com.hk,Female,82.135.79.7
848,Kessiah,Grishelyov,kgrishelyovnj@wix.com,Genderfluid,66.123.229.160
849,Tessy,Jehaes,tjehaesnk@typepad.com,Female,104.100.58.179
850,Brendis,Darleston,bdarlestonnl@senate.gov,Male,198.158.66.149
851,Fancie,Tremmel,ftremmelnm@rediff.com,Female,251.57.215.87
852,Krissy,Nussey,knusseynn@dion.ne.jp,Genderfluid,183.97.78.114
853,Lishe,Doghartie,ldoghartieno@reference.com,Female,37.73.164.124
854,Rosene,Leall,rleallnp@columbia.edu,Female,249.23.250.76
855,Devy,Jacson,djacsonnq@flickr.com,Male,10.32.213.136
856,Babbie,Whitchurch,bwhitchurchnr@scientificamerican.com,Female,254.35.0.179
857,Tammara,Dikels,tdikelsns@ezinearticles.com,Female,142.71.27.37
858,Marco,Thyer,mthyernt@joomla.org,Male,142.207.159.116
859,Solomon,Bourdel,sbourdelnu@about.com,Male,98.70.148.123
860,Matthieu,Feechan,mfeechannv@topsy.com,Male,122.215.58.156
861,Dominik,Pykerman,dpykermannw@simplemachines.org,Male,240.131.79.183
862,Mallorie,Detoc,mdetocnx@amazonaws.com,Female,110.250.216.20
863,Rasia,Burras,rburrasny@gnu.org,Female,85.194.189.153
864,Rowena,Broadbere,rbroadberenz@google.de,Female,97.105.41.249
865,Willa,Arzu,warzuo0@diigo.com,Female,64.219.187.58
866,Armin,Parmley,aparmleyo1@tripadvisor.com,Male,104.67.214.120
867,Irvin,Habberjam,ihabberjamo2@github.com,Male,215.130.125.226
868,Ursa,Rekes,urekeso3@tumblr.com,Female,30.121.4.243
869,Karyl,Crielly,kcriellyo4@hud.gov,Female,227.138.213.218
870,Nancie,O'Bradden,nobraddeno5@etsy.com,Female,153.228.43.18
871,Rutledge,Blenkharn,rblenkharno6@ycombinator.com,Male,81.70.124.9
872,Arabel,Yeoman,ayeomano7@domainmarket.com,Female,248.11.191.151
873,Elle,Yate,eyateo8@cdc.gov,Female,46.70.102.104
874,Cassandre,Skitteral,cskitteralo9@altervista.org,Bigender,38.68.184.174
875,Tomaso,Diddams,tdiddamsoa@theatlantic.com,Male,139.179.235.144
876,Pia,McAndrew,pmcandrewob@wufoo.com,Female,28.0.182.57
877,Neron,Ferencowicz,nferencowiczoc@dot.gov,Male,162.28.46.98
878,Aloisia,Shalders,ashaldersod@yellowpages.com,Female,60.41.166.159
879,Erskine,McLaverty,emclavertyoe@china.com.cn,Male,241.242.121.210
880,Osmond,Maharey,omahareyof@tiny.cc,Male,219.168.135.188
881,Benny,Napoleon,bnapoleonog@sourceforge.net,Female,219.133.220.152
882,Stefano,Cunniam,scunniamoh@blogspot.com,Male,100.96.71.122
883,Lilllie,Conman,lconmanoi@bigcartel.com,Female,212.36.152.241
884,Bellina,Crosswaite,bcrosswaiteoj@dailymotion.com,Female,68.39.55.32
885,Dew,Oakenford,doakenfordok@netlog.com,Male,181.227.66.196
886,Hewe,Barkshire,hbarkshireol@fema.gov,Male,212.102.103.188
887,Pepillo,McCart,pmccartom@nbcnews.com,Male,204.39.160.5
888,Willetta,Priel,wprielon@bandcamp.com,Female,119.68.69.252
889,Nate,Chieze,nchiezeoo@jugem.jp,Agender,247.208.121.173
890,Sanson,Briddock,sbriddockop@cyberchimps.com,Male,126.236.12.175
891,Jasper,Sorro,jsorrooq@moonfruit.com,Male,76.138.93.153
892,Hamnet,Koppelmann,hkoppelmannor@nih.gov,Male,47.143.231.226
893,Susana,Spinelli,sspinellios@php.net,Female,168.87.132.189
894,Derick,Moizer,dmoizerot@freewebs.com,Male,215.27.141.140
895,Anselma,Charrisson,acharrissonou@imageshack.us,Female,172.144.50.65
896,Cale,Bickley,cbickleyov@rambler.ru,Male,55.174.18.95
897,Bert,Stit,bstitow@google.com.br,Non-binary,116.26.209.169
898,Issie,Kirrage,ikirrageox@tinypic.com,Female,225.140.143.159
899,Germaine,Poor,gpooroy@tamu.edu,Male,7.127.45.118
900,Zaccaria,Avrahamov,zavrahamovoz@biblegateway.com,Bigender,75.234.89.59
901,Babs,Vasyukhichev,bvasyukhichevp0@nba.com,Female,72.157.214.245
902,Dall,Shenton,dshentonp1@ycombinator.com,Male,242.27.163.205
903,Chicky,Kindley,ckindleyp2@house.gov,Polygender,119.19.79.32
904,Sigfried,Blaxter,sblaxterp3@uiuc.edu,Male,81.49.159.144
905,Jarib,Silmon,jsilmonp4@google.es,Male,187.126.233.198
906,Saxe,Hazeltine,shazeltinep5@blog.com,Male,254.11.223.48
907,Brittaney,Ward,bwardp6@apple.com,Female,97.32.131.91
908,Francyne,Clempton,fclemptonp7@mapy.cz,Female,42.138.41.10
909,Arlie,Piercy,apiercyp8@acquirethisname.com,Female,255.109.151.58
910,Rori,Maciejewski,rmaciejewskip9@princeton.edu,Female,128.148.108.10
911,Tobey,Rawlinson,trawlinsonpa@slideshare.net,Female,240.2.175.111
912,Andrey,Ballantine,aballantinepb@blogs.com,Male,92.140.183.202
913,Sigismundo,Passe,spassepc@angelfire.com,Male,174.35.239.215
914,Claudette,Olwen,colwenpd@ehow.com,Female,134.67.208.141
915,Rici,Blasdale,rblasdalepe@examiner.com,Female,93.177.135.147
916,Ram,Casoni,rcasonipf@disqus.com,Male,78.169.147.67
917,Nahum,Marchbank,nmarchbankpg@wikia.com,Agender,179.230.82.73
918,Coral,Scantlebury,cscantleburyph@cnbc.com,Female,228.163.166.246
919,Lesli,Livesay,llivesaypi@devhub.com,Agender,57.117.164.179
920,Kirbie,Arminger,karmingerpj@sitemeter.com,Female,100.132.249.166
921,Shepard,Lane,slanepk@mysql.com,Male,135.60.161.74
922,Angela,Plail,aplailpl@constantcontact.com,Female,142.51.105.188
923,Shurlock,Gagen,sgagenpm@mashable.com,Male,170.8.88.22
924,Lindsey,Saleway,lsalewaypn@google.co.uk,Female,246.34.1.4
925,Harrietta,Slayton,hslaytonpo@youtube.com,Female,172.170.143.198
926,Legra,Armes,larmespp@mac.com,Female,198.247.254.178
927,Erik,McCrackem,emccrackempq@comcast.net,Male,44.209.126.194
928,Freddie,Ivankovic,fivankovicpr@examiner.com,Female,29.144.3.210
929,Caspar,Davies,cdaviesps@twitpic.com,Male,35.35.138.111
930,Jena,Shedd,jsheddpt@icio.us,Female,132.86.67.87
931,Zeb,Fosher,zfosherpu@prnewswire.com,Male,14.213.116.83
932,Danyelle,Liddiard,dliddiardpv@amazonaws.com,Female,184.58.95.227
933,Barnabe,Comusso,bcomussopw@furl.net,Male,150.19.44.167
934,Sandye,Plumbe,splumbepx@webmd.com,Female,214.91.147.61
935,Lewiss,Grasner,lgrasnerpy@nps.gov,Male,133.69.174.3
936,Annecorinne,Rolph,arolphpz@blogtalkradio.com,Female,234.254.35.37
937,Ado,Hoyles,ahoylesq0@wsj.com,Male,12.126.34.11
938,Homere,Parades,hparadesq1@zimbio.com,Male,154.210.196.53
939,Abbi,Kubach,akubachq2@uol.com.br,Female,59.243.145.240
940,Christoforo,Topper,ctopperq3@guardian.co.uk,Male,89.86.86.245
941,Allsun,Groarty,agroartyq4@redcross.org,Female,183.200.21.171
942,Estell,Eglinton,eeglintonq5@apache.org,Female,108.117.52.144
943,Nikola,Blose,nbloseq6@acquirethisname.com,Male,121.114.219.70
944,Adora,Gooley,agooleyq7@gmpg.org,Female,229.86.58.207
945,Zackariah,Ricciardello,zricciardelloq8@netvibes.com,Male,20.160.245.75
946,Darrell,Curtois,dcurtoisq9@senate.gov,Polygender,247.235.169.207
947,Corny,Thumnel,cthumnelqa@ftc.gov,Male,6.187.216.126
948,Crawford,Sheward,cshewardqb@mail.ru,Male,198.13.133.194
949,Huntington,Emig,hemigqc@netscape.com,Male,228.166.35.61
950,Elmo,Gorgen,egorgenqd@arizona.edu,Male,119.249.128.213
951,Fara,Heisman,fheismanqe@skyrock.com,Female,68.116.100.91
952,Barb,O'Kinedy,bokinedyqf@google.ca,Female,87.242.240.205
953,Kelci,Kubalek,kkubalekqg@reference.com,Female,203.120.179.69
954,Orville,Noddle,onoddleqh@cam.ac.uk,Male,121.96.196.33
955,Annetta,Gyurkovics,agyurkovicsqi@samsung.com,Female,47.230.30.78
956,Brit,Borrett,bborrettqj@storify.com,Male,109.244.139.146
957,Emelia,Sweetman,esweetmanqk@usgs.gov,Female,234.210.10.221
958,Olivero,Pattison,opattisonql@dot.gov,Male,9.114.117.170
959,Gratiana,Dripps,gdrippsqm@homestead.com,Non-binary,251.122.166.129
960,Lothario,Hoofe,lhoofeqn@barnesandnoble.com,Male,85.57.85.167
961,Tynan,Bafford,tbaffordqo@angelfire.com,Male,17.108.84.16
962,Shel,Arndell,sarndellqp@ebay.com,Genderqueer,178.73.81.155
963,Heindrick,Tryme,htrymeqq@ebay.com,Male,229.178.243.230
964,Kermy,Bankes,kbankesqr@tamu.edu,Male,61.216.110.151
965,Ignacio,Chittleburgh,ichittleburghqs@weather.com,Non-binary,72.147.214.77
966,Jeana,Grieveson,jgrievesonqt@pbs.org,Female,73.51.22.20
967,Clarita,Eddie,ceddiequ@so-net.ne.jp,Female,13.156.109.96
968,Tarrah,Rigardeau,trigardeauqv@free.fr,Female,177.111.72.126
969,Drugi,Tofpik,dtofpikqw@constantcontact.com,Male,144.227.10.192
970,Tamma,Andriesse,tandriesseqx@umich.edu,Female,53.30.14.9
971,Derward,Oldknow,doldknowqy@ifeng.com,Male,57.35.57.70
972,Bryana,Ardy,bardyqz@wp.com,Female,137.146.190.195
973,Marieann,Reedshaw,mreedshawr0@infoseek.co.jp,Female,176.161.151.83
974,Spencer,Barr,sbarrr1@1und1.de,Male,60.3.47.33
975,Emmerich,Cunrado,ecunrador2@baidu.com,Male,17.226.160.158
976,Nell,Dmytryk,ndmytrykr3@sogou.com,Polygender,176.98.136.29
977,Arvin,Hartness,ahartnessr4@over-blog.com,Male,184.82.38.234
978,Purcell,Oliva,polivar5@hubpages.com,Non-binary,227.91.110.61
979,Evelyn,Darlison,edarlisonr6@over-blog.com,Female,28.52.21.179
980,Rog,Revance,rrevancer7@marriott.com,Male,175.117.50.62
981,Stephen,Grumell,sgrumellr8@soup.io,Male,139.100.210.68
982,Daphne,Wray,dwrayr9@aboutads.info,Female,79.173.54.158
983,Casie,Barles,cbarlesra@adobe.com,Female,81.191.85.83
984,Pavlov,Fearnley,pfearnleyrb@sciencedirect.com,Male,152.139.216.86
985,Berky,Duligall,bduligallrc@youtu.be,Male,135.93.231.150
986,Hillie,Mingasson,hmingassonrd@msn.com,Genderfluid,94.93.205.231
987,Lock,Noriega,lnoriegare@i2i.jp,Male,23.8.137.84
988,Sheila,Fenix,sfenixrf@t.co,Female,61.215.131.98
989,Worden,Brayne,wbraynerg@scribd.com,Male,2.196.169.117
990,Misty,Labon,mlabonrh@addtoany.com,Female,146.168.227.249
991,Meghan,Tethcote,mtethcoteri@nba.com,Female,5.109.190.130
992,Lydia,Vannini,lvanninirj@washington.edu,Female,38.119.103.59
993,Fabien,Silburn,fsilburnrk@narod.ru,Male,35.146.161.35
994,Cindi,Abbe,cabberl@slashdot.org,Female,142.192.30.201
995,Cori,Conrart,cconrartrm@dmoz.org,Male,87.45.122.204
996,Harli,Czaple,hczaplern@qq.com,Bigender,166.230.234.252
997,Alfonse,Bohden,abohdenro@icq.com,Male,38.49.163.71
998,Odetta,Mossom,omossomrp@uol.com.br,Female,133.21.237.173
999,Laurena,Rowesby,lrowesbyrq@reference.com,Female,66.55.177.174
1000,Marylin,Arendsen,marendsenrr@twitpic.com,Female,48.163.30.202
