id,first_name,last_name,email,gender,ip_address
1,Demetre,Gair,dgair0@apache.org,Male,22.10.241.21
2,Gale,Chetham,gchetham1@elegantthemes.com,Female,63.106.97.164
3,Jenna,Brisard,jbrisard2@jugem.jp,Female,103.199.224.197
4,Judon,Bruty,jbruty3@netscape.com,Male,220.51.243.192
5,Barbaraanne,Geeraert,bgeeraert4@elpais.com,Female,205.137.116.237
6,Moira,Elgood,melgood5@omniture.com,Female,57.215.112.166
7,Kenna,Finessy,kfinessy6@goodreads.com,Female,152.96.216.102
8,Dilan,McAvin,dmcavin7@liveinternet.ru,Male,84.2.243.78
9,Steffie,McGaraghan,smcgaraghan8@marriott.com,Female,246.107.78.19
10,Crosby,Camilleri,ccamilleri9@barnesandnoble.com,Male,227.49.114.100
11,Manya,Linden,mlindena@xrea.com,Female,166.10.215.87
12,Tracey,Dimsdale,tdimsdaleb@studiopress.com,Female,93.55.15.82
13,Milly,Oakenfield,moakenfieldc@is.gd,Female,222.121.43.252
14,Nicolis,Tappington,ntappingtond@mediafire.com,Male,212.116.19.35
15,Ofelia,Garry,ogarrye@spotify.com,Female,80.66.98.248
16,Rozanna,Stapele,rstapelef@amazon.com,Female,106.76.193.203
17,Hubey,Wyche,hwycheg@amazon.com,Non-binary,133.78.175.0
18,Edsel,Adame,eadameh@qq.com,Male,27.30.132.34
19,Monty,Waghorne,mwaghornei@imdb.com,Male,113.118.11.215
20,Kipp,Claypole,kclaypolej@people.com.cn,Male,4.134.141.169
21,Janis,Reggio,jreggiok@wired.com,Female,108.29.240.37
22,Lurette,Arnison,larnisonl@goo.ne.jp,Female,11.178.187.112
23,Shadow,Dunston,sdunstonm@npr.org,Male,38.33.237.166
24,Dede,Kerne,dkernen@chicagotribune.com,Female,50.223.145.99
25,Law,Scullion,lsculliono@1688.com,Male,151.126.37.84
26,Gillan,Ricks,gricksp@go.com,Female,170.175.45.108
27,Ethe,Stammirs,estammirsq@delicious.com,Male,77.32.95.171
28,Marietta,Fidoe,mfidoer@gravatar.com,Male,92.122.194.146
29,Margaretha,Bennett,mbennetts@seattletimes.com,Female,81.16.32.70
30,Jorry,Opy,jopyt@answers.com,Female,225.200.112.210
31,Obadias,Ince,oinceu@archive.org,Male,153.149.15.111
32,Wittie,De Laspee,wdelaspeev@123-reg.co.uk,Male,129.47.142.38
33,Caresa,Cullnean,ccullneanw@bravesites.com,Female,187.121.241.154
34,Catlin,Emmet,cemmetx@dagondesign.com,Female,138.185.121.13
35,Luciano,Beadle,lbeadley@odnoklassniki.ru,Male,61.147.8.223
36,Lani,Fawks,lfawksz@nih.gov,Female,36.255.239.17
37,Betsey,Luparto,bluparto10@biblegateway.com,Female,125.65.37.13
38,Keslie,Briatt,kbriatt11@howstuffworks.com,Female,205.196.166.172
39,Thomasa,Wale,twale12@dion.ne.jp,Female,197.127.60.184
40,Druci,Livingston,dlivingston13@youku.com,Female,123.78.13.218
41,Kimble,Silvermann,ksilvermann14@furl.net,Non-binary,121.158.118.25
42,Sena,Harken,sharken15@wikimedia.org,Female,51.156.64.246
43,Bartholomeus,Traher,btraher16@bravesites.com,Male,215.66.66.84
44,Jannel,Bartolacci,jbartolacci17@php.net,Female,75.237.165.184
45,Shurwood,Hazeley,shazeley18@163.com,Male,133.37.95.247
46,Artie,Tapping,atapping19@ameblo.jp,Male,92.235.0.109
47,Quintina,Jacobsz,qjacobsz1a@aboutads.info,Female,174.107.11.110
48,Carri,Pykett,cpykett1b@merriam-webster.com,Female,20.221.1.150
49,Salim,Firmage,sfirmage1c@meetup.com,Non-binary,27.89.187.40
50,Winthrop,Galpen,wgalpen1d@yahoo.co.jp,Male,165.10.108.178
51,Hannie,Richardsson,hrichardsson1e@mysql.com,Female,213.167.197.182
52,Trina,Oswick,toswick1f@marketwatch.com,Female,186.254.55.204
53,Wendel,Mahaddie,wmahaddie1g@freewebs.com,Male,240.142.129.183
54,Vernice,Chadwell,vchadwell1h@cpanel.net,Female,221.146.189.134
55,Mattie,Sowthcote,msowthcote1i@comcast.net,Male,176.251.179.46
56,Wilburt,Hanks,whanks1j@wordpress.com,Male,109.90.199.224
57,Saleem,Seegar,sseegar1k@hhs.gov,Male,160.103.250.210
58,Winthrop,Gowrich,wgowrich1l@cbsnews.com,Male,37.39.111.193
59,Luca,Frisch,lfrisch1m@free.fr,Male,94.252.127.191
60,Nicolas,Haddinton,nhaddinton1n@edublogs.org,Male,105.196.138.68
61,Nicol,Kelledy,nkelledy1o@bloglines.com,Female,141.205.5.39
62,Candi,Ashbrook,cashbrook1p@springer.com,Female,8.28.147.241
63,Camella,Odcroft,codcroft1q@omniture.com,Female,181.48.82.50
64,Vikki,Cauldwell,vcauldwell1r@state.tx.us,Female,58.94.205.89
65,Giacopo,Pool,gpool1s@soup.io,Male,144.11.202.19
66,Sibyl,Augustin,saugustin1t@google.ca,Male,31.99.7.191
67,Cull,Schriren,cschriren1u@businesswire.com,Male,224.33.11.98
68,Joycelin,Gabitis,jgabitis1v@ucoz.com,Female,197.235.109.224
69,Taylor,Engel,tengel1w@ucoz.ru,Male,133.84.199.150
70,Evie,Blest,eblest1x@upenn.edu,Female,194.55.77.21
71,Brittne,Hawkswell,bhawkswell1y@gnu.org,Female,157.61.226.160
72,Gabey,Castles,gcastles1z@cam.ac.uk,Female,17.177.176.69
73,Edita,Lambert-Ciorwyn,elambertciorwyn20@desdev.cn,Female,109.157.49.61
74,Romeo,Tollit,rtollit21@columbia.edu,Male,88.53.241.89
75,Roshelle,Fintoph,rfintoph22@1688.com,Female,252.186.37.65
76,Burton,Rosenstengel,brosenstengel23@ox.ac.uk,Agender,238.28.138.45
77,Iormina,Abramowitz,iabramowitz24@1688.com,Female,179.135.19.115
78,Melanie,Wickerson,mwickerson25@last.fm,Genderfluid,216.190.214.105
79,Fergus,Adair,fadair26@behance.net,Male,217.197.1.227
80,Ram,Denington,rdenington27@bloglines.com,Male,145.78.15.120
81,Angel,Ortsmann,aortsmann28@nba.com,Female,151.141.76.203
82,Gelya,Sparry,gsparry29@patch.com,Genderqueer,92.96.253.100
83,Rodrigo,Satterly,rsatterly2a@histats.com,Male,172.227.250.134
84,Julienne,Josifovic,jjosifovic2b@unesco.org,Genderqueer,123.85.125.69
85,Marquita,Phillip,mphillip2c@unicef.org,Female,104.3.239.217
86,Hamid,Overstreet,hoverstreet2d@jugem.jp,Male,170.122.136.132
87,Roana,Gosselin,rgosselin2e@zdnet.com,Female,175.175.26.34
88,Jeralee,Smallman,jsmallman2f@linkedin.com,Non-binary,16.127.248.251
89,Henrieta,Scotfurth,hscotfurth2g@delicious.com,Female,107.134.85.122
90,Faythe,Messham,fmessham2h@godaddy.com,Female,169.10.230.153
91,Rosalind,Standall,rstandall2i@apple.com,Female,151.175.110.13
92,Juanita,Bishell,jbishell2j@ted.com,Female,189.65.29.142
93,Myrah,Coltart,mcoltart2k@joomla.org,Female,16.128.249.168
94,Dunstan,Drennan,ddrennan2l@biblegateway.com,Male,136.224.68.161
95,Zachery,Rabbatts,zrabbatts2m@biblegateway.com,Male,68.143.81.255
96,Tobin,Carberry,tcarberry2n@topsy.com,Male,78.149.21.171
97,Fredek,Curzey,fcurzey2o@indiatimes.com,Male,57.37.182.176
98,Kippy,Jentges,kjentges2p@livejournal.com,Female,141.131.33.205
99,Donetta,St. Louis,dstlouis2q@webmd.com,Female,1.133.49.154
100,Nicki,Garbutt,ngarbutt2r@ow.ly,Female,93.235.18.220
101,Artemis,Hugonet,ahugonet2s@t-online.de,Male,249.68.25.134
102,Raquel,Clappson,rclappson2t@wiley.com,Female,90.35.122.97
103,Carney,Grumley,cgrumley2u@europa.eu,Male,99.66.18.180
104,Guillaume,Boor,gboor2v@ibm.com,Male,219.243.157.103
105,Weidar,Phette,wphette2w@linkedin.com,Non-binary,118.101.76.43
106,Ranee,Freire,rfreire2x@nifty.com,Female,203.112.58.118
107,Ynez,Kruschov,ykruschov2y@de.vu,Female,0.197.9.249
108,Emmy,Johann,ejohann2z@mediafire.com,Polygender,223.90.31.127
109,Chrysler,Klaesson,cklaesson30@barnesandnoble.com,Female,197.236.169.147
110,Christan,Davage,cdavage31@skype.com,Female,244.159.205.114
111,Fritz,Horley,fhorley32@alibaba.com,Male,81.59.43.204
112,Stephani,Higgonet,shiggonet33@prweb.com,Female,13.254.23.185
113,Zarah,Mcwhinnie,zmcwhinnie34@nasa.gov,Female,218.4.157.91
114,Garrard,Hindge,ghindge35@vinaora.com,Non-binary,31.229.134.19
115,Maiga,Bazoge,mbazoge36@google.cn,Polygender,75.86.111.24
116,Rowland,Cowburn,rcowburn37@ftc.gov,Male,248.76.163.121
117,Aile,Bennoe,abennoe38@smugmug.com,Female,11.28.152.248
118,Herminia,Mott,hmott39@furl.net,Female,106.131.197.31
119,Yves,Renwick,yrenwick3a@360.cn,Genderqueer,46.151.209.126
120,Vaughn,Soulsby,vsoulsby3b@ucla.edu,Male,105.242.87.183
121,Austine,Keford,akeford3c@skype.com,Female,109.6.38.239
122,Sosanna,Tunnacliffe,stunnacliffe3d@quantcast.com,Female,141.57.164.108
123,Ekaterina,Tanzig,etanzig3e@ted.com,Female,51.89.117.99
124,Electra,Pamplin,epamplin3f@statcounter.com,Female,254.47.85.202
125,Corliss,Swinden,cswinden3g@cargocollective.com,Female,169.244.253.75
126,Germain,Groombridge,ggroombridge3h@wufoo.com,Male,93.252.143.232
127,Lowrance,Curgenuer,lcurgenuer3i@forbes.com,Male,70.154.3.51
128,Kaiser,Lorenz,klorenz3j@blog.com,Male,43.21.50.181
129,Cristen,Chern,cchern3k@time.com,Non-binary,93.71.25.31
130,Phedra,Rijkeseis,prijkeseis3l@a8.net,Female,38.17.147.123
131,Natividad,O'Hallagan,nohallagan3m@soundcloud.com,Female,245.13.93.62
132,Roley,Druett,rdruett3n@harvard.edu,Male,102.178.119.135
133,Leif,Ludewig,lludewig3o@loc.gov,Male,197.234.83.117
134,Lionello,Wase,lwase3p@businessweek.com,Male,91.235.44.110
135,Bertina,Maseyk,bmaseyk3q@miibeian.gov.cn,Female,11.159.226.167
136,Bartholomeus,Bowgen,bbowgen3r@reuters.com,Male,64.201.61.132
137,Marty,Bygraves,mbygraves3s@wix.com,Polygender,83.39.246.175
138,Lydie,Zelley,lzelley3t@google.nl,Female,121.108.138.191
139,Annice,Shelly,ashelly3u@com.com,Female,242.142.215.243
140,Tailor,Kirtland,tkirtland3v@bandcamp.com,Male,214.83.142.126
141,Yance,Soloway,ysoloway3w@va.gov,Male,197.89.95.52
142,Hinze,Stollard,hstollard3x@samsung.com,Male,53.169.6.181
143,Kenyon,Hordle,khordle3y@wordpress.org,Male,185.36.45.82
144,Chrisy,Kase,ckase3z@livejournal.com,Male,91.171.158.90
145,Cobby,Bennett,cbennett40@admin.ch,Male,144.228.21.112
146,Blaine,Hoyles,bhoyles41@studiopress.com,Male,58.196.50.44
147,Neilla,Cecere,ncecere42@livejournal.com,Genderqueer,10.253.172.238
148,Wally,Hollow,whollow43@economist.com,Female,20.165.112.110
149,Gabie,Kleyn,gkleyn44@aol.com,Female,152.105.211.145
150,Antony,Hugin,ahugin45@va.gov,Male,50.72.168.42
151,Nydia,Gentiry,ngentiry46@wp.com,Female,180.43.13.8
152,Skippy,Mollitt,smollitt47@prnewswire.com,Male,54.95.1.189
153,Dinah,Croom,dcroom48@digg.com,Female,46.103.214.177
154,Elvira,Mercey,emercey49@bizjournals.com,Female,124.168.248.192
155,Maura,Urpeth,murpeth4a@netscape.com,Female,210.16.41.37
156,Ddene,Kuban,dkuban4b@macromedia.com,Female,169.222.70.87
157,Olivia,Baggott,obaggott4c@jugem.jp,Female,124.52.185.133
158,Marrilee,Baert,mbaert4d@cmu.edu,Female,91.19.3.12
159,Corella,Chatband,cchatband4e@storify.com,Female,157.103.195.72
160,Smith,Bladge,sbladge4f@sciencedaily.com,Male,151.189.128.196
161,Kev,Attew,kattew4g@nsw.gov.au,Male,216.43.235.231
162,Alia,Burney,aburney4h@histats.com,Female,233.183.153.73
163,Jenifer,Giblin,jgiblin4i@unesco.org,Female,97.2.72.250
164,Baudoin,Barnet,bbarnet4j@netlog.com,Male,166.81.100.27
165,Dyana,Chicco,dchicco4k@taobao.com,Female,214.34.52.231
166,Gail,McOrkill,gmcorkill4l@pbs.org,Female,230.13.106.102
167,Rod,Patriche,rpatriche4m@squarespace.com,Male,243.125.188.31
168,Holt,Bolitho,hbolitho4n@google.com.br,Male,122.243.10.142
169,Salem,Weldrake,sweldrake4o@forbes.com,Male,20.109.8.249
170,Georas,Poe,gpoe4p@163.com,Male,70.79.186.170
171,Ciel,Sprouls,csprouls4q@dot.gov,Female,236.221.53.87
172,Janek,Jorat,jjorat4r@ebay.com,Male,205.26.80.75
173,Lanna,Delaprelle,ldelaprelle4s@statcounter.com,Female,65.80.190.142
174,Jeni,Carren,jcarren4t@skyrock.com,Female,192.23.134.72
175,Gardener,Rowaszkiewicz,growaszkiewicz4u@cafepress.com,Male,168.238.254.34
176,Else,Litchmore,elitchmore4v@t-online.de,Female,137.218.173.191
177,Marji,Wallbridge,mwallbridge4w@desdev.cn,Female,108.89.120.205
178,Loralyn,Hully,lhully4x@china.com.cn,Female,183.151.160.180
179,Katerina,Baelde,kbaelde4y@bluehost.com,Female,95.80.4.220
180,Blanche,Millis,bmillis4z@bing.com,Female,104.244.223.139
181,Ossie,Moreinu,omoreinu50@mashable.com,Genderqueer,155.46.185.56
182,Mohandas,Normant,mnormant51@ebay.co.uk,Male,174.38.203.43
183,Lettie,Muzzollo,lmuzzollo52@umich.edu,Female,185.67.146.100
184,Delores,Bande,dbande53@51.la,Female,224.66.247.191
185,Odell,Shyram,oshyram54@istockphoto.com,Male,175.33.159.247
186,Britt,Groneway,bgroneway55@ask.com,Male,64.200.114.39
187,Ado,Spellman,aspellman56@walmart.com,Male,238.192.225.242
188,Burton,Crowe,bcrowe57@samsung.com,Male,183.101.215.149
189,Estella,Witterick,ewitterick58@imgur.com,Female,24.119.169.198
190,Pip,Casiroli,pcasiroli59@twitpic.com,Male,189.139.80.138
191,Batsheva,Lenormand,blenormand5a@latimes.com,Female,190.245.115.45
192,Freddi,Carnihan,fcarnihan5b@google.com.au,Female,10.14.98.137
193,Vonni,Haldin,vhaldin5c@t-online.de,Female,99.214.142.108
194,Cordy,Tortoishell,ctortoishell5d@reference.com,Female,223.175.32.200
195,Whit,Monkleigh,wmonkleigh5e@businesswire.com,Male,231.141.43.112
196,Baillie,Dedham,bdedham5f@slideshare.net,Male,97.207.251.139
197,Quint,Little,qlittle5g@oaic.gov.au,Male,148.31.38.43
198,Vinita,Kilbourne,vkilbourne5h@yolasite.com,Female,91.11.110.3
199,Gregoire,Hoston,ghoston5i@usgs.gov,Male,162.125.126.27
200,Lillian,Lerhinan,llerhinan5j@archive.org,Female,185.54.14.129
201,Viole,Farraway,vfarraway5k@youtube.com,Female,116.13.135.249
202,Lemmy,Dowling,ldowling5l@wikia.com,Male,184.179.73.253
203,Alisander,Labeuil,alabeuil5m@elpais.com,Male,238.189.236.119
204,Julissa,Haggata,jhaggata5n@cloudflare.com,Female,57.115.26.249
205,Amelia,Ricold,aricold5o@usa.gov,Female,26.95.100.193
206,Amye,Aubri,aaubri5p@4shared.com,Female,68.201.176.69
207,Dawn,Vowden,dvowden5q@europa.eu,Female,86.89.9.1
208,Bennie,Felton,bfelton5r@hud.gov,Male,230.42.35.178
209,Jakie,Smullin,jsmullin5s@delicious.com,Male,205.161.156.200
210,Vida,Druery,vdruery5t@princeton.edu,Female,149.230.119.251
211,Albrecht,Sorsbie,asorsbie5u@telegraph.co.uk,Bigender,40.211.35.143
212,Zelda,Gimbart,zgimbart5v@jugem.jp,Female,79.191.252.203
213,Trev,Dowyer,tdowyer5w@toplist.cz,Male,168.37.69.34
214,Jennine,Averall,javerall5x@webnode.com,Female,113.27.84.20
215,Beverlee,Kloster,bkloster5y@hatena.ne.jp,Female,158.176.43.76
216,Israel,Ryott,iryott5z@nature.com,Male,3.173.84.191
217,Jarid,Snoden,jsnoden60@fema.gov,Male,133.96.172.3
218,Tremaine,Shelmardine,tshelmardine61@berkeley.edu,Male,104.57.12.12
219,Jenna,Toovey,jtoovey62@epa.gov,Female,19.130.173.73
220,Janette,Cockram,jcockram63@mapquest.com,Female,147.78.199.31
221,Belle,Yockney,byockney64@ezinearticles.com,Female,69.61.244.179
222,Marcella,Strickett,mstrickett65@naver.com,Female,125.161.12.16
223,Siouxie,Staner,sstaner66@themeforest.net,Female,211.168.133.79
224,Caresa,Vickors,cvickors67@jiathis.com,Female,251.216.21.239
225,Bunny,Coke,bcoke68@prlog.org,Female,36.109.100.81
226,Torrence,Cupper,tcupper69@unicef.org,Male,41.185.15.220
227,Lea,Bearham,lbearham6a@tumblr.com,Female,53.54.216.76
228,Frasco,Braams,fbraams6b@webnode.com,Male,171.120.234.7
229,Cointon,Lapwood,clapwood6c@list-manage.com,Male,163.15.252.152
230,Walsh,Twidell,wtwidell6d@shop-pro.jp,Male,145.148.25.107
231,Perla,Ruane,pruane6e@vk.com,Female,15.111.46.84
232,Angil,Elstob,aelstob6f@360.cn,Female,204.136.8.43
233,Audre,Duligall,aduligall6g@posterous.com,Female,128.142.210.252
234,Natala,Adolfson,nadolfson6h@who.int,Female,188.141.134.167
235,Wade,Spatoni,wspatoni6i@samsung.com,Male,169.174.174.79
236,Davie,Inott,dinott6j@wiley.com,Male,229.17.121.138
237,Montgomery,Tregaskis,mtregaskis6k@icio.us,Male,244.74.63.54
238,Aeriel,Climie,aclimie6l@nationalgeographic.com,Female,129.156.163.129
239,Andros,Baldetti,abaldetti6m@wiley.com,Male,82.172.232.104
240,Constantia,Stainland,cstainland6n@privacy.gov.au,Female,238.58.208.71
241,Therine,Varden,tvarden6o@usda.gov,Female,17.143.133.73
242,Charmine,Benitti,cbenitti6p@globo.com,Female,60.68.81.119
243,Alfred,Capsey,acapsey6q@godaddy.com,Male,230.58.27.242
244,Nil,Scalera,nscalera6r@ucoz.com,Male,229.148.139.25
245,Ted,Manger,tmanger6s@booking.com,Female,138.123.31.154
246,Cale,Schuchmacher,cschuchmacher6t@friendfeed.com,Male,228.17.211.184
247,Orrin,Wickwar,owickwar6u@t.co,Male,23.202.117.120
248,Virgie,Durrad,vdurrad6v@auda.org.au,Male,90.71.192.229
249,Inglebert,Carnaman,icarnaman6w@upenn.edu,Male,78.217.86.138
250,Douglas,Lomis,dlomis6x@columbia.edu,Male,218.147.234.109
251,Sawyer,Jacombs,sjacombs6y@chicagotribune.com,Male,81.65.20.11
252,Irma,Callister,icallister6z@scientificamerican.com,Agender,250.0.104.205
253,Christa,Bovaird,cbovaird70@psu.edu,Female,139.123.184.67
254,Walker,Fulham,wfulham71@yellowbook.com,Male,160.51.109.185
255,Efrem,Penkethman,epenkethman72@blog.com,Male,60.167.80.158
256,Berkie,Bamling,bbamling73@slate.com,Male,174.236.60.200
257,Lindy,Coulthart,lcoulthart74@de.vu,Male,231.143.42.231
258,Bruis,Grigoriscu,bgrigoriscu75@illinois.edu,Male,127.245.197.207
259,Fraze,Beamson,fbeamson76@slideshare.net,Male,108.18.118.11
260,Andros,Breming,abreming77@webnode.com,Male,47.187.205.88
261,Trula,Boshier,tboshier78@tripod.com,Female,159.208.133.217
262,Richmond,Burdell,rburdell79@scribd.com,Male,162.100.29.243
263,Lyman,Manby,lmanby7a@intel.com,Male,8.18.216.106
264,Valentine,Simonot,vsimonot7b@wix.com,Male,191.225.106.138
265,Bernarr,Faunt,bfaunt7c@linkedin.com,Male,40.127.70.87
266,Florance,Maliffe,fmaliffe7d@elegantthemes.com,Non-binary,74.227.184.203
267,Flory,Helis,fhelis7e@networksolutions.com,Male,185.141.67.220
268,Sterne,Woodroofe,swoodroofe7f@netscape.com,Male,144.226.44.87
269,Cathrin,MacNab,cmacnab7g@technorati.com,Female,224.76.155.196
270,Philip,Collaton,pcollaton7h@storify.com,Male,233.149.198.238
271,Vyky,Kleiser,vkleiser7i@smugmug.com,Female,158.103.42.187
272,Phylis,MacGragh,pmacgragh7j@gravatar.com,Female,235.156.11.199
273,Mortie,Skayman,mskayman7k@census.gov,Male,148.9.66.40
274,Silvan,Beisley,sbeisley7l@archive.org,Male,60.171.57.71
275,Lucinda,Ragdale,lragdale7m@parallels.com,Female,23.53.61.134
276,Caryl,Gartside,cgartside7n@friendfeed.com,Female,46.205.70.109
277,Mohammed,Drew,mdrew7o@behance.net,Male,198.250.122.190
278,Gage,Alyonov,galyonov7p@usatoday.com,Male,136.15.202.204
279,Abramo,O'Glassane,aoglassane7q@networksolutions.com,Male,108.224.17.63
280,Ravid,Pavitt,rpavitt7r@shareasale.com,Male,57.75.155.101
281,Burton,Gillion,bgillion7s@huffingtonpost.com,Male,222.234.79.38
282,Annice,Mackerel,amackerel7t@quantcast.com,Female,244.147.5.42
283,Bethanne,Sivess,bsivess7u@google.com.br,Female,133.204.177.89
284,Barri,Moan,bmoan7v@spiegel.de,Male,57.205.43.194
285,Gerri,Spofforth,gspofforth7w@ucoz.ru,Male,141.102.72.162
286,Yul,Caddan,ycaddan7x@gov.uk,Male,90.11.100.65
287,Alix,Bluck,abluck7y@geocities.jp,Female,189.229.63.244
288,Michelle,Troy,mtroy7z@oracle.com,Female,226.160.216.56
289,Karol,Goodayle,kgoodayle80@artisteer.com,Female,225.11.185.237
290,Avis,Durman,adurman81@meetup.com,Female,87.141.238.96
291,Virginia,Skingle,vskingle82@psu.edu,Female,154.7.164.99
292,Ruthe,Meachem,rmeachem83@sbwire.com,Female,43.96.235.231
293,Fredrick,Pinney,fpinney84@toplist.cz,Genderfluid,44.119.13.129
294,Kyle,Vidyapin,kvidyapin85@pbs.org,Female,161.230.25.129
295,Shir,Baldock,sbaldock86@digg.com,Female,172.196.56.207
296,Nettle,Grigoroni,ngrigoroni87@hexun.com,Female,245.171.219.165
297,Sarajane,Bartens,sbartens88@discovery.com,Female,33.59.183.121
298,Carilyn,Linford,clinford89@furl.net,Female,196.249.11.124
299,Audi,Gutcher,agutcher8a@cmu.edu,Female,73.42.254.147
300,Dorotea,Rentcome,drentcome8b@cnbc.com,Female,99.193.234.154
301,Jayne,Ellacombe,jellacombe8c@topsy.com,Female,80.228.36.155
302,Rosco,Scotter,rscotter8d@t.co,Non-binary,200.198.232.64
303,Harbert,Benez,hbenez8e@friendfeed.com,Male,108.57.91.106
304,Barris,Ellph,bellph8f@simplemachines.org,Male,166.49.64.255
305,Reinhard,Bland,rbland8g@163.com,Male,15.21.153.243
306,Frazier,Hatcliffe,fhatcliffe8h@hatena.ne.jp,Male,90.144.45.37
307,Rowland,Dulake,rdulake8i@yahoo.co.jp,Male,116.240.210.75
308,Gale,Silburn,gsilburn8j@telegraph.co.uk,Male,100.101.96.137
309,Kerrill,Faircloth,kfaircloth8k@washington.edu,Female,161.118.98.24
310,Philly,De Rechter,pderechter8l@tiny.cc,Polygender,132.12.40.132
311,Dagny,Stirrup,dstirrup8m@surveymonkey.com,Male,93.193.99.68
312,Neils,Vincent,nvincent8n@wix.com,Male,238.35.221.247
313,Cherianne,Swindles,cswindles8o@opensource.org,Agender,115.181.100.107
314,Sharon,Quogan,squogan8p@goodreads.com,Female,141.8.200.175
315,Holt,Matas,hmatas8q@illinois.edu,Non-binary,72.234.69.167
316,Ced,Offa,coffa8r@wiley.com,Male,154.61.202.224
317,Sol,Aymes,saymes8s@canalblog.com,Male,110.194.180.83
318,Salomon,Pashe,spashe8t@live.com,Male,211.218.117.90
319,Bria,Menezes,bmenezes8u@vkontakte.ru,Female,223.57.85.30
320,Massimo,Scrowston,mscrowston8v@free.fr,Bigender,143.109.232.158
321,Ryley,Presidey,rpresidey8w@psu.edu,Genderfluid,220.59.231.178
322,Rayna,Bramhill,rbramhill8x@blogspot.com,Female,21.71.162.173
323,Vitoria,Beed,vbeed8y@hubpages.com,Female,32.188.84.132
324,Hewitt,Vogl,hvogl8z@unblog.fr,Male,192.166.108.130
325,Hyacinthe,Ferreras,hferreras90@senate.gov,Female,233.17.111.159
326,Marney,Brodbin,mbrodbin91@wunderground.com,Female,125.135.133.222
327,Shirl,Penritt,spenritt92@issuu.com,Female,242.160.5.17
328,Anthiathia,Madgwich,amadgwich93@cisco.com,Female,72.88.174.94
329,Celie,Dwelly,cdwelly94@state.tx.us,Female,50.18.189.241
330,Garrott,Stollenbecker,gstollenbecker95@infoseek.co.jp,Male,152.28.125.197
331,Guendolen,Sirkett,gsirkett96@sakura.ne.jp,Non-binary,239.2.64.43
332,Maurita,Peachey,mpeachey97@cam.ac.uk,Female,110.11.204.251
333,Remington,Marikhin,rmarikhin98@kickstarter.com,Male,126.85.94.122
334,Ode,Meiner,omeiner99@slashdot.org,Male,191.77.20.130
335,Windy,Alexandersson,walexandersson9a@spotify.com,Female,237.26.141.80
336,Adams,Maundrell,amaundrell9b@merriam-webster.com,Male,126.165.127.136
337,Siffre,Pietersen,spietersen9c@dropbox.com,Male,216.196.187.17
338,Kaye,Chaunce,kchaunce9d@paginegialle.it,Female,50.138.71.155
339,Emilio,Senett,esenett9e@bbc.co.uk,Male,124.33.237.90
340,Carlin,Mathevet,cmathevet9f@godaddy.com,Female,135.9.158.130
341,Thomasina,Brogden,tbrogden9g@state.gov,Female,68.66.31.204
342,Evangelin,Beardsall,ebeardsall9h@ftc.gov,Female,30.143.127.126
343,Alexia,Challener,achallener9i@cornell.edu,Female,117.83.45.29
344,Finn,Smail,fsmail9j@lulu.com,Male,183.42.35.110
345,Thurston,Woolvett,twoolvett9k@skyrock.com,Male,87.115.29.153
346,Patrice,Troke,ptroke9l@zdnet.com,Female,50.189.31.191
347,Misti,Egar,megar9m@ebay.co.uk,Female,196.98.56.77
348,Lisle,MacPike,lmacpike9n@topsy.com,Male,180.77.159.99
349,Archaimbaud,Kilpin,akilpin9o@google.cn,Male,37.48.27.136
350,Danna,Malim,dmalim9p@salon.com,Female,76.5.3.249
351,Kelila,Shanley,kshanley9q@deliciousdays.com,Female,39.89.53.95
352,Claybourne,Kitchener,ckitchener9r@cmu.edu,Male,80.181.96.118
353,Bennett,Kennifeck,bkennifeck9s@sitemeter.com,Male,134.83.124.214
354,Olin,Dran,odran9t@spiegel.de,Male,91.251.253.194
355,Hortensia,Farrer,hfarrer9u@gizmodo.com,Female,236.227.68.127
356,Cathie,Eddie,ceddie9v@wix.com,Female,61.126.173.86
357,Nealy,Pinare,npinare9w@163.com,Male,248.32.125.139
358,Hettie,Hovel,hhovel9x@omniture.com,Female,176.232.56.140
359,Dorice,Ulster,dulster9y@google.it,Female,37.25.131.118
360,Nicoli,Ander,nander9z@house.gov,Female,163.212.157.213
361,Kalli,Romanin,kromanina0@bandcamp.com,Female,106.17.136.154
362,Gregory,Noke,gnokea1@narod.ru,Male,228.212.47.248
363,Elnore,Titchener,etitchenera2@mlb.com,Female,137.111.166.55
364,Osmond,Leate,oleatea3@reuters.com,Male,20.6.145.178
365,Rose,Otteridge,rotteridgea4@engadget.com,Female,158.209.147.91
366,Kelley,Pahl,kpahla5@google.cn,Female,168.45.127.7
367,Celinda,Cheverell,ccheverella6@omniture.com,Female,164.106.231.120
368,Crichton,Driscoll,cdriscolla7@clickbank.net,Male,86.95.54.160
369,Dania,Oxenbury,doxenburya8@stanford.edu,Female,148.185.209.124
370,Margeaux,Honsch,mhonscha9@ocn.ne.jp,Female,148.214.250.107
371,Gussy,Roddell,groddellaa@yolasite.com,Female,183.122.114.243
372,Lorie,Bullas,lbullasab@ft.com,Female,213.145.16.7
373,Reynolds,Maddaford,rmaddafordac@goo.ne.jp,Male,81.104.107.214
374,Brnaba,Crathern,bcrathernad@salon.com,Male,97.184.149.222
375,Brittany,Dubs,bdubsae@apple.com,Female,239.255.68.240
376,Noby,Cone,nconeaf@diigo.com,Male,37.200.91.194
377,Shayne,Gamlyn,sgamlynag@reverbnation.com,Female,149.28.127.177
378,Carlo,Fawckner,cfawcknerah@hc360.com,Male,110.175.248.29
379,Jay,Balcombe,jbalcombeai@archive.org,Male,216.57.157.195
380,Rebeca,Smallridge,rsmallridgeaj@salon.com,Female,20.217.53.11
381,Sarena,Taffie,staffieak@prlog.org,Bigender,1.114.174.86
382,Diarmid,Eilers,deilersal@google.ru,Male,109.28.132.87
383,Walt,Sainthill,wsainthillam@angelfire.com,Male,82.32.220.162
384,Dominga,Fulstow,dfulstowan@vimeo.com,Female,252.146.191.7
385,Corina,Eyes,ceyesao@businessweek.com,Female,25.160.193.53
386,Lane,Bruntje,lbruntjeap@a8.net,Male,158.134.177.227
387,Saleem,Simmons,ssimmonsaq@fotki.com,Male,50.27.223.123
388,Willamina,Bowie,wbowiear@163.com,Female,188.125.10.110
389,Reba,Greensall,rgreensallas@posterous.com,Female,30.225.209.93
390,Pier,Lamport,plamportat@nhs.uk,Female,112.175.12.199
391,Peterus,Greensall,pgreensallau@wufoo.com,Male,185.118.183.195
392,Charles,Loddon,cloddonav@mapy.cz,Male,184.45.165.2
393,Katharina,Feare,kfeareaw@livejournal.com,Female,63.107.167.228
394,Candice,Franschini,cfranschiniax@rediff.com,Bigender,49.238.177.22
395,Jyoti,Grinyakin,jgrinyakinay@flickr.com,Female,128.200.65.35
396,Nonna,O'Dennehy,nodennehyaz@tiny.cc,Female,165.82.235.227
397,Felic,Yarnall,fyarnallb0@yandex.ru,Male,240.55.133.204
398,Mariejeanne,Baugh,mbaughb1@dion.ne.jp,Female,90.227.140.62
399,Thom,Parcall,tparcallb2@mayoclinic.com,Male,104.18.10.19
400,Wolf,Furphy,wfurphyb3@photobucket.com,Male,101.238.167.143
401,Garrek,Addison,gaddisonb4@spotify.com,Male,200.50.183.122
402,Gallard,Clarae,gclaraeb5@wisc.edu,Male,233.54.27.171
403,Neda,Lucius,nluciusb6@timesonline.co.uk,Female,65.90.211.8
404,Tynan,Letixier,tletixierb7@artisteer.com,Male,23.67.140.212
405,Lizabeth,Fairbank,lfairbankb8@sphinn.com,Female,42.162.9.92
406,Merrick,Whiteland,mwhitelandb9@hugedomains.com,Male,244.82.175.173
407,Clementia,Leek,cleekba@gravatar.com,Female,115.66.91.55
408,Paolo,Flanders,pflandersbb@archive.org,Male,98.101.52.3
409,Pattin,Blundin,pblundinbc@usda.gov,Male,153.50.194.102
410,Simonne,Denerley,sdenerleybd@dailymail.co.uk,Female,233.75.33.252
411,Trudie,Kinnoch,tkinnochbe@360.cn,Genderfluid,0.184.210.89
412,Audy,Edgworth,aedgworthbf@nhs.uk,Female,87.219.118.13
413,Cyrill,Lehrle,clehrlebg@instagram.com,Male,129.72.147.58
414,Alexi,Duckwith,aduckwithbh@google.com.br,Female,180.232.76.7
415,Trixy,Bruggen,tbruggenbi@hexun.com,Genderfluid,193.187.237.146
416,Stewart,Corselles,scorsellesbj@illinois.edu,Male,167.0.197.156
417,Lettie,Halward,lhalwardbk@usnews.com,Female,22.45.98.254
418,Doretta,Reyes,dreyesbl@mail.ru,Female,67.70.208.148
419,Mureil,Rutherfoord,mrutherfoordbm@wikipedia.org,Female,167.96.14.89
420,Vern,Ashtonhurst,vashtonhurstbn@icq.com,Genderqueer,162.151.16.255
421,Marcelia,Riccardi,mriccardibo@bloglines.com,Female,19.166.145.3
422,Sax,Ranscome,sranscomebp@ucsd.edu,Male,195.109.75.12
423,Jasen,Gaynes,jgaynesbq@hatena.ne.jp,Male,15.123.41.107
424,Garik,Andrioletti,gandriolettibr@gravatar.com,Male,209.155.200.202
425,Henka,Daouse,hdaousebs@howstuffworks.com,Female,115.92.111.18
426,Grant,Bedminster,gbedminsterbt@indiegogo.com,Male,133.252.255.212
427,Winthrop,Antoney,wantoneybu@example.com,Male,48.75.197.75
428,Alanson,Savins,asavinsbv@aol.com,Male,165.219.219.136
429,Flint,Duncan,fduncanbw@uol.com.br,Male,167.229.90.255
430,Toby,Berrill,tberrillbx@dyndns.org,Female,150.99.0.116
431,Gavra,Roddick,groddickby@howstuffworks.com,Female,53.166.237.89
432,Ashlan,Fullilove,afullilovebz@stanford.edu,Female,160.57.125.14
433,Binny,Antognoni,bantognonic0@google.nl,Female,223.6.195.121
434,Erastus,Vian,evianc1@yahoo.com,Male,50.33.7.166
435,Phedra,MacCook,pmaccookc2@storify.com,Female,81.221.6.169
436,Costa,Reason,creasonc3@vkontakte.ru,Male,90.190.63.240
437,Lynnett,Howgego,lhowgegoc4@wp.com,Female,44.237.218.38
438,Aloysia,Brotheridge,abrotheridgec5@stanford.edu,Female,111.213.16.179
439,Ive,Grimm,igrimmc6@tumblr.com,Male,95.166.143.75
440,Nikita,Latour,nlatourc7@tmall.com,Male,37.26.146.118
441,Neysa,Brandle,nbrandlec8@yelp.com,Female,241.118.77.122
442,Candra,Sprague,cspraguec9@bing.com,Non-binary,15.39.153.229
443,Ernesta,Pettigrew,epettigrewca@amazon.co.uk,Female,207.229.80.191
444,Faunie,Slewcock,fslewcockcb@blogger.com,Female,243.117.5.143
445,Francklin,Proudlock,fproudlockcc@technorati.com,Male,246.195.137.62
446,Clarence,Ogden,cogdencd@europa.eu,Male,24.192.4.55
447,Alexio,MacWhan,amacwhance@ow.ly,Male,75.64.168.60
448,Hamilton,Timperley,htimperleycf@slideshare.net,Male,131.248.63.58
449,Diann,Riddich,driddichcg@walmart.com,Female,40.165.253.150
450,Waverly,Camilli,wcamillich@bluehost.com,Male,117.251.38.91
451,Opal,Stapells,ostapellsci@rakuten.co.jp,Female,58.102.24.73
452,Fran,Hartegan,fhartegancj@desdev.cn,Female,24.211.102.120
453,Darrel,Farress,dfarressck@facebook.com,Male,87.126.6.31
454,Dewain,Chaffin,dchaffincl@weebly.com,Male,137.34.59.44
455,Ronnie,Bostick,rbostickcm@seattletimes.com,Male,148.175.198.139
456,Muffin,Brecken,mbreckencn@shareasale.com,Male,194.89.81.253
457,Ermanno,Blazey,eblazeyco@businessinsider.com,Male,55.249.48.16
458,Judon,Studders,jstudderscp@usgs.gov,Male,171.189.100.137
459,Tallia,Dresche,tdreschecq@zdnet.com,Female,53.164.68.230
460,Durante,Stubbeley,dstubbeleycr@nationalgeographic.com,Male,143.54.171.165
461,Eadmund,Gwyneth,egwynethcs@rakuten.co.jp,Male,211.22.208.82
462,Chickie,Islep,cislepct@spiegel.de,Male,125.103.209.160
463,Nelle,Buxy,nbuxycu@dmoz.org,Female,104.2.148.67
464,Mead,Gianinotti,mgianinotticv@ibm.com,Male,160.246.253.182
465,Antonio,O'Donnell,aodonnellcw@vkontakte.ru,Male,255.73.176.36
466,Ailey,Halbard,ahalbardcx@cafepress.com,Female,240.115.150.156
467,Noam,Messom,nmessomcy@gov.uk,Male,135.53.154.6
468,Adrea,Durnin,adurnincz@sitemeter.com,Female,122.230.240.182
469,Norry,Norridge,nnorridged0@php.net,Female,90.119.223.120
470,Irving,Corbishley,icorbishleyd1@edublogs.org,Male,171.255.28.30
471,Guenevere,Birtwistle,gbirtwistled2@mayoclinic.com,Genderqueer,97.60.34.183
472,Laura,Patifield,lpatifieldd3@com.com,Female,4.189.131.74
473,Cyril,Coster,ccosterd4@homestead.com,Genderfluid,25.18.114.56
474,Dane,Byars,dbyarsd5@angelfire.com,Male,192.45.52.20
475,Tiffi,Nowakowska,tnowakowskad6@wiley.com,Female,7.184.191.132
476,Cherey,Matussov,cmatussovd7@hibu.com,Female,48.129.137.137
477,Hayyim,Gorham,hgorhamd8@hugedomains.com,Male,4.165.210.60
478,Etan,McRitchie,emcritchied9@blogger.com,Male,78.13.248.127
479,Sonja,Quigg,squiggda@webmd.com,Female,9.152.156.137
480,Amory,De Hooge,adehoogedb@fc2.com,Male,57.87.216.233
481,Hurlee,Rees,hreesdc@ameblo.jp,Male,196.11.178.107
482,Mead,Snoddin,msnoddindd@who.int,Male,32.69.50.130
483,Shalna,Stokes,sstokesde@spiegel.de,Polygender,190.248.37.101
484,Christian,Macias,cmaciasdf@mapquest.com,Male,132.51.207.198
485,Kenneth,Reinisch,kreinischdg@sogou.com,Male,60.87.130.89
486,Othilie,Tabram,otabramdh@rakuten.co.jp,Female,175.125.102.15
487,Meir,Clutram,mclutramdi@live.com,Male,225.16.88.201
488,Sallee,D' Angelo,sdangelodj@amazon.co.uk,Female,232.10.116.183
489,Isidoro,O'Henecan,iohenecandk@ustream.tv,Male,194.154.64.110
490,Rudie,Coysh,rcoyshdl@kickstarter.com,Non-binary,72.132.125.184
491,Horton,Corteney,hcorteneydm@tripod.com,Male,39.105.80.163
492,Angelita,Jessop,ajessopdn@blogtalkradio.com,Non-binary,114.239.239.35
493,Jarvis,Gamil,jgamildo@behance.net,Male,109.172.74.18
494,Evan,Claasen,eclaasendp@mozilla.com,Male,11.73.64.243
495,Denys,Morphey,dmorpheydq@archive.org,Male,114.177.251.58
496,Joann,Arger,jargerdr@nydailynews.com,Female,226.245.252.161
497,Erhard,Trebbett,etrebbettds@canalblog.com,Male,151.127.23.149
498,Valencia,Lynett,vlynettdt@soundcloud.com,Female,42.144.73.144
499,Ashlen,Von Hindenburg,avonhindenburgdu@hibu.com,Female,217.255.207.171
500,Adelbert,Lannen,alannendv@nifty.com,Male,202.178.94.216
501,Carie,Ferrari,cferraridw@mysql.com,Female,234.122.203.243
502,Krystyna,Popham,kpophamdx@wufoo.com,Female,32.94.150.73
503,Dasha,Seabourne,dseabournedy@chron.com,Female,175.176.178.233
504,Thomasine,Breyt,tbreytdz@blogtalkradio.com,Female,231.66.149.53
505,Reube,Stranks,rstrankse0@ted.com,Male,101.121.16.46
506,Caron,Jobes,cjobese1@indiatimes.com,Female,167.97.241.129
507,Hermon,Bandy,hbandye2@naver.com,Male,11.87.29.210
508,Laure,Creddon,lcreddone3@mapy.cz,Female,100.201.231.87
509,Vincenz,Marsland,vmarslande4@census.gov,Male,146.133.106.12
510,Natasha,Kears,nkearse5@spotify.com,Female,234.200.3.115
511,Danit,Shelliday,dshellidaye6@chron.com,Female,166.115.28.226
512,Jemmie,Dark,jdarke7@oracle.com,Female,209.212.190.224
513,Fina,Poor,fpoore8@reference.com,Genderfluid,122.150.22.4
514,Tomlin,Scarsbrick,tscarsbricke9@webmd.com,Male,64.4.42.163
515,Dun,Bottrill,dbottrillea@illinois.edu,Male,59.133.137.145
516,Ingrid,Wiz,iwizeb@unicef.org,Female,72.6.245.13
517,Cordey,Griffey,cgriffeyec@earthlink.net,Female,84.151.65.185
518,Kerby,Speere,kspeereed@yellowpages.com,Male,174.123.66.66
519,Amabel,Gianulli,agianulliee@squidoo.com,Female,126.102.87.253
520,Adiana,Normanton,anormantonef@cdbaby.com,Female,22.74.217.195
521,Zarah,Hunstone,zhunstoneeg@sitemeter.com,Polygender,209.250.29.233
522,Wain,Stubbs,wstubbseh@cyberchimps.com,Male,77.227.19.248
523,Brigg,Prodrick,bprodrickei@ebay.co.uk,Male,235.138.38.245
524,Hans,Oertzen,hoertzenej@pagesperso-orange.fr,Non-binary,233.59.53.13
525,Anne-marie,Yerby,ayerbyek@oaic.gov.au,Female,168.227.7.184
526,Mei,Himsworth,mhimsworthel@desdev.cn,Female,250.216.228.79
527,Jack,Baroche,jbarocheem@ca.gov,Genderfluid,77.64.96.127
528,Rikki,Durning,rdurningen@google.es,Female,33.209.249.129
529,Fabien,Wison,fwisoneo@indiegogo.com,Male,34.47.223.10
530,Helene,Fishly,hfishlyep@jimdo.com,Genderqueer,51.46.93.48
531,Greggory,Whitecross,gwhitecrosseq@addtoany.com,Genderqueer,146.133.33.118
532,Sheilakathryn,Jerman,sjermaner@purevolume.com,Female,140.46.146.158
533,Hedwig,Fanti,hfanties@addthis.com,Female,42.43.75.79
534,Cammy,Garrud,cgarrudet@ftc.gov,Male,15.37.202.9
535,Nani,Merrgen,nmerrgeneu@ted.com,Female,116.27.143.22
536,Desmond,Servante,dservanteev@columbia.edu,Male,23.244.194.72
537,Shani,Gorce,sgorceew@baidu.com,Genderfluid,42.184.108.177
538,Adams,Leefe,aleefeex@wikipedia.org,Male,44.231.226.206
539,Cesar,Tyas,ctyasey@i2i.jp,Male,112.178.239.17
540,Wenda,Kesby,wkesbyez@51.la,Genderqueer,87.34.208.129
541,Gracie,Webermann,gwebermannf0@scribd.com,Female,80.4.202.59
542,Mariam,Guthrie,mguthrief1@blogger.com,Female,28.66.200.112
543,Clarence,Allbut,callbutf2@redcross.org,Male,129.181.134.209
544,Neale,Wooton,nwootonf3@miitbeian.gov.cn,Male,113.137.237.3
545,Marlow,Kennicott,mkennicottf4@salon.com,Male,217.234.148.155
546,Etta,De Dantesie,ededantesief5@etsy.com,Female,167.3.104.170
547,Moishe,Goundry,mgoundryf6@soundcloud.com,Male,6.226.189.159
548,Jacquelynn,Picopp,jpicoppf7@usda.gov,Female,204.163.152.248
549,Godiva,Charnick,gcharnickf8@furl.net,Female,216.219.99.251
550,Zitella,Meiklejohn,zmeiklejohnf9@guardian.co.uk,Female,144.154.163.26
551,Bailie,Vasse,bvassefa@shareasale.com,Male,81.9.28.149
552,Sherye,Worthington,sworthingtonfb@alexa.com,Female,11.158.71.23
553,Sibylle,Mesant,smesantfc@hostgator.com,Female,209.39.112.109
554,Connor,Riley,crileyfd@google.fr,Male,238.39.8.189
555,Mitch,Reddell,mreddellfe@jugem.jp,Male,113.144.61.249
556,Luce,Willmetts,lwillmettsff@nature.com,Male,51.241.13.9
557,Chic,Prettyjohns,cprettyjohnsfg@skype.com,Male,112.40.75.145
558,Hube,McIlvenna,hmcilvennafh@hhs.gov,Male,254.25.224.229
559,Godard,Spenley,gspenleyfi@bizjournals.com,Male,24.22.144.249
560,Tome,Schroeder,tschroederfj@reuters.com,Male,200.216.20.205
561,Reinwald,Trickey,rtrickeyfk@dion.ne.jp,Male,177.186.32.243
562,Ellie,Leipold,eleipoldfl@washington.edu,Female,122.244.221.181
563,Lanni,Hencke,lhenckefm@cam.ac.uk,Female,49.169.144.242
564,Lindsey,Piegrome,lpiegromefn@artisteer.com,Female,177.20.215.118
565,Golda,Zettoi,gzettoifo@nba.com,Female,33.123.88.86
566,Tully,Forsdike,tforsdikefp@acquirethisname.com,Male,194.244.168.41
567,Yorgos,Lauritsen,ylauritsenfq@umn.edu,Male,202.1.5.153
568,Reamonn,Allabush,rallabushfr@moonfruit.com,Male,253.215.188.26
569,Ivory,Jeste,ijestefs@hibu.com,Female,130.252.202.133
570,Gale,Swatheridge,gswatheridgeft@mapy.cz,Male,12.183.87.18
571,Manda,Eaglen,meaglenfu@howstuffworks.com,Female,134.205.78.150
572,Orv,Fierro,ofierrofv@un.org,Male,15.43.35.29
573,Neil,Pexton,npextonfw@mlb.com,Male,75.118.11.207
574,Carlo,Hawkridge,chawkridgefx@businesswire.com,Male,183.221.175.27
575,Leah,Corrado,lcorradofy@marketwatch.com,Female,104.138.243.8
576,Herbie,Schrader,hschraderfz@delicious.com,Male,183.94.157.8
577,Darsie,Teasell,dteasellg0@t-online.de,Female,177.220.41.223
578,Gusti,Kinnon,gkinnong1@mayoclinic.com,Female,209.119.64.15
579,Norine,Bunclark,nbunclarkg2@freewebs.com,Female,178.48.238.72
580,Penny,Wardington,pwardingtong3@nyu.edu,Male,253.224.212.17
581,Blithe,Gasticke,bgastickeg4@umn.edu,Female,160.201.195.193
582,Farrah,Kittoe,fkittoeg5@ameblo.jp,Female,220.222.241.5
583,Tyrus,Reid,treidg6@yellowbook.com,Male,127.65.161.104
584,Malachi,Kuhndel,mkuhndelg7@answers.com,Male,225.131.120.106
585,Devlin,Millam,dmillamg8@behance.net,Male,157.102.188.72
586,Daron,Maly,dmalyg9@multiply.com,Non-binary,11.47.211.145
587,Northrop,Luckwell,nluckwellga@jalbum.net,Male,148.50.191.211
588,Brit,Seneschal,bseneschalgb@sourceforge.net,Male,188.39.162.89
589,Shanan,Bruna,sbrunagc@a8.net,Male,188.205.17.126
590,Rice,Barrand,rbarrandgd@ucla.edu,Male,48.7.28.239
591,Patric,Wycliffe,pwycliffege@livejournal.com,Male,20.6.133.207
592,Jamil,Spincks,jspincksgf@1688.com,Male,41.243.214.60
593,Aldrich,Lethieulier,alethieuliergg@narod.ru,Male,20.36.147.164
594,Trefor,Byford,tbyfordgh@whitehouse.gov,Male,140.164.210.121
595,Ban,Ferrarese,bferraresegi@scribd.com,Genderqueer,112.32.205.35
596,Hetti,Goscar,hgoscargj@narod.ru,Female,162.145.55.8
597,Dwayne,Mintram,dmintramgk@wordpress.org,Male,153.183.173.47
598,Ann-marie,Lutty,aluttygl@cdbaby.com,Female,43.193.77.173
599,Davine,Natt,dnattgm@woothemes.com,Female,205.49.47.155
600,Teodoro,Dullard,tdullardgn@yale.edu,Male,57.120.209.37
601,Fran,Ireland,firelandgo@cargocollective.com,Male,0.169.179.218
602,Katrina,Tamblyn,ktamblyngp@noaa.gov,Female,250.180.94.224
603,Saidee,Wildman,swildmangq@shareasale.com,Female,163.161.85.233
604,Iris,Philpott,iphilpottgr@gnu.org,Agender,83.139.48.20
605,Kizzie,Butterfint,kbutterfintgs@about.com,Female,34.182.229.193
606,Roderigo,Selbach,rselbachgt@hc360.com,Male,15.114.171.37
607,Octavia,Olufsen,oolufsengu@g.co,Female,73.8.132.60
608,Anabella,Lorriman,alorrimangv@com.com,Female,150.165.45.166
609,Biron,Attryde,battrydegw@forbes.com,Male,47.209.115.50
610,Edeline,Sivess,esivessgx@economist.com,Female,171.216.144.79
611,Sileas,Haster,shastergy@tumblr.com,Female,198.122.95.139
612,Kimmy,Reeder,kreedergz@mapy.cz,Female,39.35.170.107
613,Goddard,Dahlborg,gdahlborgh0@cnn.com,Male,203.61.214.106
614,Dennet,Mora,dmorah1@slashdot.org,Male,49.185.106.125
615,Horace,Di Iorio,hdiiorioh2@facebook.com,Male,128.196.177.151
616,Iosep,Blackie,iblackieh3@4shared.com,Male,248.64.174.171
617,Everard,Poge,epogeh4@tinyurl.com,Male,247.221.27.109
618,Allard,Verryan,averryanh5@facebook.com,Male,57.200.211.77
619,Brooks,Elphinston,belphinstonh6@illinois.edu,Female,27.185.19.150
620,Persis,Egdal,pegdalh7@amazonaws.com,Female,211.119.68.123
621,Darby,Hadland,dhadlandh8@huffingtonpost.com,Male,48.230.13.35
622,Juditha,Palser,jpalserh9@timesonline.co.uk,Female,82.53.72.188
623,Chloe,Woodcroft,cwoodcroftha@liveinternet.ru,Female,69.85.10.184
624,Ruthanne,Ewins,rewinshb@stanford.edu,Female,215.152.180.250
625,Denise,Dymoke,ddymokehc@lycos.com,Female,194.131.110.247
626,Andrea,Milesap,amilesaphd@dailymotion.com,Male,148.121.246.59
627,Levy,Wint,lwinthe@vkontakte.ru,Male,176.185.31.246
628,Hartley,Toyer,htoyerhf@archive.org,Male,170.194.149.16
629,Reidar,Cunnah,rcunnahhg@biblegateway.com,Male,241.148.103.115
630,Meridith,Houchin,mhouchinhh@shutterfly.com,Female,184.118.166.64
631,Frank,Knuckles,fknuckleshi@si.edu,Female,195.154.194.240
632,Darrel,Lie,dliehj@aol.com,Male,16.50.136.2
633,Micky,Iskov,miskovhk@smugmug.com,Female,231.21.170.23
634,Garey,Meineking,gmeinekinghl@reference.com,Male,164.187.227.74
635,Letti,Zuanelli,lzuanellihm@trellian.com,Female,139.116.234.62
636,Jaye,Calendar,jcalendarhn@desdev.cn,Male,164.30.243.232
637,Sharl,Bengtson,sbengtsonho@independent.co.uk,Female,159.14.245.232
638,Welsh,Gopsill,wgopsillhp@nature.com,Male,31.46.29.39
639,Joletta,Revie,jreviehq@reverbnation.com,Female,186.99.209.248
640,Antonetta,Stapforth,astapforthhr@un.org,Female,224.255.95.165
641,Timmy,Follan,tfollanhs@hibu.com,Male,90.201.213.137
642,Hyatt,Wroe,hwroeht@sitemeter.com,Male,89.18.23.92
643,Benedick,Monroe,bmonroehu@bing.com,Male,113.32.176.154
644,Ola,Curmi,ocurmihv@usda.gov,Genderfluid,140.119.20.21
645,Ailsun,Scranny,ascrannyhw@google.ru,Female,239.71.193.95
646,Doreen,Garrood,dgarroodhx@cbsnews.com,Female,149.144.136.47
647,Charis,Von Helmholtz,cvonhelmholtzhy@cnn.com,Female,108.16.59.219
648,Sabrina,Houseley,shouseleyhz@so-net.ne.jp,Female,170.28.172.82
649,Opalina,Jaslem,ojaslemi0@w3.org,Female,193.202.140.183
650,Gale,Grunwald,ggrunwaldi1@yellowbook.com,Male,203.116.229.119
651,Fern,Sabbatier,fsabbatieri2@jalbum.net,Female,199.164.25.97
652,Remy,Holde,rholdei3@youtube.com,Female,24.191.234.193
653,Lewes,Beloe,lbeloei4@exblog.jp,Male,195.105.167.128
654,Terrie,Pirie,tpiriei5@craigslist.org,Female,228.177.138.57
655,Dimitri,Graeber,dgraeberi6@yandex.ru,Male,218.125.182.48
656,Wyatan,Yakubovics,wyakubovicsi7@mysql.com,Male,141.43.1.170
657,Yehudit,Mangenet,ymangeneti8@sogou.com,Male,181.13.172.144
658,Ferrell,McGloin,fmcgloini9@illinois.edu,Male,183.64.33.96
659,Billy,Dent,bdentia@wiley.com,Male,159.83.27.255
660,Roy,Dorin,rdorinib@walmart.com,Male,248.94.32.70
661,Robena,Beddin,rbeddinic@yahoo.com,Female,64.245.195.2
662,Nadeen,Fontel,nfontelid@github.com,Female,197.75.195.57
663,Myrvyn,Carrane,mcarraneie@deviantart.com,Male,193.181.199.169
664,Felisha,De Cruze,fdecruzeif@t-online.de,Female,17.47.250.19
665,Urban,Jaycocks,ujaycocksig@newsvine.com,Male,13.168.217.99
666,Polly,O'Siaghail,posiaghailih@tripadvisor.com,Female,251.48.11.143
667,Gil,Monini,gmoniniii@paginegialle.it,Male,18.213.78.123
668,Quentin,Extance,qextanceij@google.fr,Female,42.50.138.192
669,Adah,Aguirrezabala,aaguirrezabalaik@fotki.com,Female,231.16.209.87
670,Marysa,Georgot,mgeorgotil@tinypic.com,Female,79.221.200.191
671,Xena,Malling,xmallingim@soup.io,Female,167.142.179.5
672,Winfred,Anderl,wanderlin@1und1.de,Male,9.208.201.47
673,Sheelah,Mallon,smallonio@nymag.com,Female,41.209.54.241
674,Monah,Smerdon,msmerdonip@digg.com,Female,241.102.77.90
675,Pat,Duro,pduroiq@tripadvisor.com,Male,127.90.64.86
676,Gilles,Stanyer,gstanyerir@tiny.cc,Agender,247.112.110.134
677,Malachi,Ianitti,mianittiis@businesswire.com,Male,91.37.204.136
678,Silva,McGurgan,smcgurganit@bloomberg.com,Female,1.253.87.202
679,Arv,Clougher,aclougheriu@amazon.co.uk,Male,235.5.216.82
680,Humphrey,Chesters,hchestersiv@stanford.edu,Male,155.94.207.247
681,Antonetta,Coslett,acoslettiw@mashable.com,Female,78.52.68.140
682,Devlen,Brixey,dbrixeyix@123-reg.co.uk,Male,153.154.97.199
683,Fidel,Kenealy,fkenealyiy@reference.com,Male,99.57.161.28
684,Sonnnie,Keesman,skeesmaniz@wunderground.com,Female,148.47.154.4
685,Mohandis,Heisler,mheislerj0@over-blog.com,Male,31.72.246.91
686,Batsheva,Bahia,bbahiaj1@acquirethisname.com,Female,8.164.197.198
687,Idalina,Truggian,itruggianj2@godaddy.com,Female,195.228.252.89
688,Prince,McHarry,pmcharryj3@netlog.com,Male,8.142.97.158
689,Hervey,Blease,hbleasej4@bravesites.com,Male,59.255.203.181
690,Crista,Edie,cediej5@myspace.com,Female,183.89.135.31
691,Roxanna,Tibbits,rtibbitsj6@mapy.cz,Female,131.166.71.237
692,Rebbecca,Bewlay,rbewlayj7@domainmarket.com,Female,22.81.133.97
693,Lawrence,Zanardii,lzanardiij8@nbcnews.com,Male,102.93.120.229
694,Barnard,Lyal,blyalj9@virginia.edu,Male,18.32.66.81
695,Dulcy,Udie,dudieja@youtu.be,Female,15.181.198.64
696,Sibby,Lowseley,slowseleyjb@tmall.com,Female,6.178.137.122
697,Eugenio,Longfoot,elongfootjc@toplist.cz,Male,50.16.96.15
698,Jens,Gisbye,jgisbyejd@g.co,Male,210.165.14.163
699,Dalton,Giriardelli,dgiriardellije@seesaa.net,Male,78.23.68.35
700,Thibaud,O'Shavlan,toshavlanjf@virginia.edu,Male,224.4.121.209
701,Luce,Iiannoni,liiannonijg@cpanel.net,Male,112.127.246.215
702,Antons,Auchterlonie,aauchterloniejh@cocolog-nifty.com,Male,184.203.76.218
703,Melonie,Folger,mfolgerji@nyu.edu,Female,174.240.159.116
704,Orlan,Prettjohn,oprettjohnjj@e-recht24.de,Male,49.156.201.33
705,Shawnee,Deetlof,sdeetlofjk@salon.com,Female,230.36.50.201
706,Martha,Glenny,mglennyjl@cloudflare.com,Female,28.207.191.148
707,Blinnie,Golby,bgolbyjm@angelfire.com,Female,55.211.66.9
708,Alida,Cordelle,acordellejn@mtv.com,Female,168.116.228.168
709,Otes,Cason,ocasonjo@live.com,Male,201.237.86.231
710,Nikkie,Pearle,npearlejp@godaddy.com,Female,0.201.134.136
711,Farly,Ferencowicz,fferencowiczjq@bloomberg.com,Male,62.143.128.212
712,Ellary,Friedman,efriedmanjr@linkedin.com,Male,229.141.200.223
713,Briano,Pescod,bpescodjs@yahoo.co.jp,Male,100.24.216.41
714,Neron,Lyfe,nlyfejt@youtube.com,Male,248.255.167.11
715,Niall,Aikman,naikmanju@bizjournals.com,Male,161.177.152.205
716,Fan,Merryweather,fmerryweatherjv@webs.com,Female,30.139.82.169
717,Babs,Togher,btogherjw@prlog.org,Female,131.97.197.109
718,Cozmo,Joscelin,cjoscelinjx@google.nl,Polygender,87.215.66.197
719,Agustin,Tocknell,atocknelljy@google.ru,Male,123.7.40.160
720,Anatole,Kadar,akadarjz@msn.com,Non-binary,136.100.49.107
721,Gaspar,Rishman,grishmank0@goo.ne.jp,Male,7.15.134.122
722,Ruggiero,Hewertson,rhewertsonk1@addtoany.com,Genderfluid,188.232.249.0
723,Johnathon,Whistan,jwhistank2@geocities.jp,Male,204.57.224.66
724,Raff,Christin,rchristink3@is.gd,Non-binary,193.41.182.189
725,Carlyn,Torn,ctornk4@imageshack.us,Genderqueer,253.169.40.9
726,Cos,Spain-Gower,cspaingowerk5@tinyurl.com,Male,230.180.145.63
727,Pip,Sivier,psivierk6@wikispaces.com,Male,194.99.95.114
728,Hortensia,Benedicte,hbenedictek7@newyorker.com,Female,175.144.179.218
729,Paten,Meharry,pmeharryk8@bloglines.com,Male,218.157.187.30
730,Corrie,Kraft,ckraftk9@mediafire.com,Female,154.63.32.59
731,Lewiss,Shirland,lshirlandka@examiner.com,Male,203.127.167.141
732,Jeromy,Angelo,jangelokb@samsung.com,Male,67.15.211.69
733,Harlene,Coe,hcoekc@tripod.com,Female,139.48.107.87
734,Morissa,Adamides,madamideskd@gravatar.com,Female,192.243.213.124
735,Antoine,Pauleit,apauleitke@springer.com,Male,148.234.88.68
736,Wyndham,Conti,wcontikf@alexa.com,Genderqueer,207.190.66.117
737,Nedda,Enderwick,nenderwickkg@bloglovin.com,Female,99.214.160.59
738,Glenda,Lamcken,glamckenkh@mozilla.com,Female,174.114.62.173
739,Smitty,Olivetti,solivettiki@sphinn.com,Male,156.96.32.53
740,Sandy,Blackbourn,sblackbournkj@nsw.gov.au,Male,114.176.37.28
741,Andriana,Guyet,aguyetkk@yellowbook.com,Female,137.46.104.110
742,Lynea,Savil,lsavilkl@pinterest.com,Female,134.210.130.249
743,Vonni,Vasyukhin,vvasyukhinkm@webmd.com,Female,9.133.128.242
744,Ellsworth,Ballentime,eballentimekn@nsw.gov.au,Male,81.91.216.56
745,Arvin,While,awhileko@vkontakte.ru,Male,230.177.132.26
746,Sasha,Daley,sdaleykp@networksolutions.com,Male,192.20.8.229
747,Corny,Birtchnell,cbirtchnellkq@apple.com,Male,163.251.144.15
748,Pam,Barczynski,pbarczynskikr@techcrunch.com,Polygender,164.24.91.79
749,Cyrill,Royds,croydsks@lulu.com,Male,215.60.223.51
750,Celia,Mager,cmagerkt@artisteer.com,Female,78.163.241.137
751,Herold,Skeemer,hskeemerku@chron.com,Male,255.100.192.120
752,Fairfax,Drewitt,fdrewittkv@google.com,Male,185.192.112.105
753,Dollie,Benkin,dbenkinkw@senate.gov,Female,224.239.226.116
754,Isidro,Twinborough,itwinboroughkx@opensource.org,Male,82.217.228.109
755,Grantley,Ferron,gferronky@huffingtonpost.com,Male,172.240.149.210
756,Christoforo,Lewsam,clewsamkz@google.it,Male,189.127.24.207
757,Delcina,Carah,dcarahl0@flickr.com,Female,224.14.75.43
758,Sharity,Parkyns,sparkynsl1@theglobeandmail.com,Female,14.95.72.86
759,Olivier,Cliburn,ocliburnl2@miitbeian.gov.cn,Male,64.85.247.220
760,Baryram,Naile,bnailel3@t-online.de,Male,200.7.73.0
761,Jamal,Insall,jinsalll4@privacy.gov.au,Male,118.203.131.201
762,Raquela,Gleader,rgleaderl5@slideshare.net,Female,201.175.124.40
763,Allis,Overill,aoverilll6@yellowpages.com,Female,217.83.108.173
764,Aigneis,Weathey,aweatheyl7@xinhuanet.com,Female,181.251.117.52
765,Nestor,Bloomer,nbloomerl8@skyrock.com,Male,93.105.63.139
766,Rod,Poyzer,rpoyzerl9@163.com,Male,19.178.195.22
767,Sigvard,Scholler,sschollerla@jugem.jp,Male,0.231.63.42
768,Aeriell,Climie,aclimielb@networksolutions.com,Non-binary,95.229.24.254
769,Aila,Stoner,astonerlc@blog.com,Female,79.61.113.138
770,Errol,Start,estartld@so-net.ne.jp,Male,243.61.91.99
771,Vinson,Iacovielli,viacoviellile@goo.ne.jp,Male,5.8.209.86
772,Gill,Geill,ggeilllf@dropbox.com,Female,43.155.88.253
773,Valaria,Brechin,vbrechinlg@patch.com,Female,38.234.202.140
774,Cobby,Morse,cmorselh@typepad.com,Male,14.46.189.37
775,Guthry,Molloy,gmolloyli@alexa.com,Male,218.243.249.136
776,Lamond,Michallat,lmichallatlj@sogou.com,Male,228.209.91.8
777,Isacco,Vreiberg,ivreiberglk@independent.co.uk,Male,133.160.77.79
778,Perle,Lewington,plewingtonll@unc.edu,Genderqueer,243.247.251.251
779,Robyn,Champkins,rchampkinslm@trellian.com,Female,41.89.188.139
780,Gilberto,Franzke,gfranzkeln@amazon.de,Male,190.84.48.58
781,Freida,Diben,fdibenlo@twitter.com,Female,97.210.229.90
782,Bari,Barthot,bbarthotlp@cornell.edu,Female,252.123.37.138
783,Jedediah,Naile,jnailelq@digg.com,Male,248.93.76.55
784,Liesa,Dye,ldyelr@cargocollective.com,Female,109.141.249.121
785,Lorin,Muffin,lmuffinls@facebook.com,Male,47.210.114.28
786,Jarad,Menere,jmenerelt@unicef.org,Male,191.111.48.18
787,Jodie,Calderon,jcalderonlu@economist.com,Male,248.147.30.220
788,Celisse,Ripping,crippinglv@mediafire.com,Female,168.163.19.66
789,Ezmeralda,Riches,ericheslw@wix.com,Female,196.83.170.195
790,Noah,Dagleas,ndagleaslx@wordpress.com,Male,89.244.33.190
791,Tani,Lowseley,tlowseleyly@kickstarter.com,Female,74.175.185.194
792,Natale,Betjeman,nbetjemanlz@spotify.com,Male,229.105.173.221
793,Jemmie,Temprell,jtemprellm0@timesonline.co.uk,Female,228.22.35.41
794,Zaneta,Joplin,zjoplinm1@com.com,Female,158.178.200.148
795,Gaspard,Hemmingway,ghemmingwaym2@ebay.com,Male,181.255.233.222
796,Sheridan,Riseam,sriseamm3@vk.com,Male,182.203.216.161
797,Marlow,Rathjen,mrathjenm4@bizjournals.com,Genderfluid,145.31.42.16
798,Kassie,Reddan,kreddanm5@japanpost.jp,Female,99.18.174.168
799,Harriet,Niess,hniessm6@mail.ru,Female,38.230.48.201
800,Harper,Bischof,hbischofm7@ed.gov,Male,162.254.245.126
801,Donella,Willmett,dwillmettm8@huffingtonpost.com,Female,8.25.174.190
802,Dede,Venneur,dvenneurm9@eepurl.com,Female,90.163.174.234
803,Blondelle,Rudram,brudramma@bloglines.com,Female,73.69.67.247
804,Bink,Hartgill,bhartgillmb@webs.com,Male,215.141.51.62
805,Rani,Ruslinge,rruslingemc@4shared.com,Female,69.72.154.111
806,Mathilde,Fermin,mferminmd@pcworld.com,Female,187.113.156.64
807,Irina,Fakes,ifakesme@ucoz.com,Female,224.56.35.166
808,Pyotr,McGrowther,pmcgrowthermf@sciencedaily.com,Male,124.129.106.78
809,Hilary,Culross,hculrossmg@nsw.gov.au,Male,90.148.132.194
810,Lewes,Hasney,lhasneymh@blogspot.com,Male,64.112.184.152
811,Roana,Ishak,rishakmi@loc.gov,Female,105.105.106.67
812,Clerc,Johnsson,cjohnssonmj@irs.gov,Male,58.62.72.169
813,Tobiah,Locarno,tlocarnomk@dagondesign.com,Male,230.174.99.240
814,Rusty,Cloake,rcloakeml@amazon.com,Male,188.187.252.79
815,Gregory,Greenier,ggreeniermm@goo.gl,Male,123.83.213.114
816,Matilda,Gehrtz,mgehrtzmn@mit.edu,Female,252.91.170.164
817,Ransell,Pamplin,rpamplinmo@examiner.com,Male,7.163.25.43
818,Davidde,Maylard,dmaylardmp@webs.com,Male,105.70.128.8
819,Glory,Patience,gpatiencemq@furl.net,Female,134.200.79.124
820,Kimberli,Brosenius,kbroseniusmr@hhs.gov,Female,163.11.224.96
821,Sophie,Terrington,sterringtonms@over-blog.com,Female,135.126.179.20
822,Fedora,Noteyoung,fnoteyoungmt@msu.edu,Female,131.209.92.40
823,Mikkel,Speachley,mspeachleymu@indiegogo.com,Male,129.178.187.1
824,Renata,Theurer,rtheurermv@live.com,Female,76.83.103.232
825,Addi,Popplestone,apopplestonemw@nhs.uk,Female,79.231.173.217
826,Clemens,Tournay,ctournaymx@cornell.edu,Non-binary,108.201.2.201
827,Cayla,Hellewell,chellewellmy@nba.com,Female,12.230.119.23
828,Stuart,Kayley,skayleymz@sakura.ne.jp,Male,197.167.172.121
829,Neil,Ricioppo,nricioppon0@miibeian.gov.cn,Male,4.69.243.87
830,Celia,Cobleigh,ccobleighn1@icio.us,Female,103.128.3.193
831,Danna,Mathe,dmathen2@liveinternet.ru,Female,106.246.176.220
832,Hymie,Sailor,hsailorn3@altervista.org,Male,134.133.195.9
833,Ferrel,Petru,fpetrun4@prnewswire.com,Agender,242.109.71.115
834,Elise,Brettel,ebretteln5@irs.gov,Female,32.226.215.182
835,Hayyim,Wardingly,hwardinglyn6@ted.com,Male,75.18.113.66
836,Katy,Orgill,korgilln7@paginegialle.it,Female,187.9.81.10
837,Weider,Lassetter,wlassettern8@gizmodo.com,Male,232.170.165.196
838,Robbert,Chasteau,rchasteaun9@hhs.gov,Male,3.93.23.114
839,Mayer,D'Agostino,mdagostinona@hibu.com,Male,244.193.10.215
840,Zacharias,Kynforth,zkynforthnb@icq.com,Male,105.212.202.7
841,Gabbie,Seery,gseerync@zimbio.com,Female,22.35.202.59
842,Cristine,Gowen,cgowennd@mashable.com,Female,191.70.161.109
843,Cele,Trenfield,ctrenfieldne@symantec.com,Female,11.3.126.226
844,Orland,Kalkhoven,okalkhovennf@squidoo.com,Agender,231.204.7.227
845,Toma,Gilhooley,tgilhooleyng@pinterest.com,Female,29.243.139.106
846,Elisabetta,Steuart,esteuartnh@plala.or.jp,Female,60.35.160.227
847,Bobinette,Knight,bknightni@biblegateway.com,Female,3.72.80.55
848,Sky,Mayes,smayesnj@mayoclinic.com,Genderqueer,193.239.146.144
849,Piotr,Culp,pculpnk@oaic.gov.au,Male,196.229.227.238
850,Lorie,Bending,lbendingnl@paypal.com,Female,172.8.195.245
851,Rikki,Verling,rverlingnm@constantcontact.com,Female,68.206.199.246
852,Vyky,Demangel,vdemangelnn@woothemes.com,Female,33.205.233.104
853,Modesta,Corns,mcornsno@cbslocal.com,Female,254.242.156.82
854,Stephine,Leveritt,sleverittnp@networksolutions.com,Female,82.30.186.217
855,Aaron,Moorhead,amoorheadnq@ebay.co.uk,Male,173.19.118.86
856,Nathanial,Craigie,ncraigienr@sitemeter.com,Male,49.13.106.181
857,Sargent,Jordi,sjordins@slashdot.org,Male,221.103.154.138
858,Dannie,Marvin,dmarvinnt@springer.com,Female,170.68.81.42
859,Jade,Dioniso,jdionisonu@loc.gov,Female,6.164.45.185
860,Christine,Bogart,cbogartnv@issuu.com,Female,85.162.80.129
861,Simona,Skeermor,sskeermornw@mit.edu,Female,53.148.53.5
862,Nowell,Pallister,npallisternx@netscape.com,Male,199.117.222.66
863,Lazar,Waberer,lwabererny@desdev.cn,Male,216.78.14.37
864,Ariel,Scannell,ascannellnz@arizona.edu,Female,191.109.247.25
865,Donnell,Todman,dtodmano0@nyu.edu,Male,63.54.227.118
866,Cathrine,Laydon,claydono1@cisco.com,Female,84.159.19.97
867,Merv,Stackbridge,mstackbridgeo2@imageshack.us,Male,197.15.40.8
868,Marci,Bridger,mbridgero3@ameblo.jp,Female,3.250.254.139
869,Colet,Stares,cstareso4@nydailynews.com,Polygender,48.180.111.124
870,Conny,Pilch,cpilcho5@latimes.com,Female,194.22.96.18
871,Hort,Gori,hgorio6@psu.edu,Male,27.225.103.11
872,Hadleigh,O'Sheeryne,hosheeryneo7@taobao.com,Male,67.75.246.170
873,Brittney,McCorkindale,bmccorkindaleo8@ebay.co.uk,Agender,163.129.230.174
874,Cleo,Janku,cjankuo9@acquirethisname.com,Female,104.237.35.156
875,Denney,Stonner,dstonneroa@mlb.com,Male,67.137.8.115
876,Lilian,Le Grice,llegriceob@cbc.ca,Female,26.124.30.114
877,Enoch,Rioch,eriochoc@spotify.com,Male,21.178.103.57
878,Matty,Anker,mankerod@youtu.be,Female,88.176.236.207
879,Renaldo,Strute,rstruteoe@sciencedaily.com,Male,237.67.204.95
880,Wylie,Edgeler,wedgelerof@nsw.gov.au,Non-binary,112.16.172.206
881,Jedidiah,Vieyra,jvieyraog@spiegel.de,Male,200.114.67.234
882,Lisle,Bengle,lbengleoh@mit.edu,Male,196.147.221.226
883,Blondy,Samwyse,bsamwyseoi@smh.com.au,Female,10.191.180.59
884,Nananne,Milberry,nmilberryoj@t-online.de,Female,162.100.11.196
885,Araldo,Rudman,arudmanok@free.fr,Male,85.11.158.80
886,Fitz,Eccott,feccottol@netlog.com,Male,109.102.65.81
887,Chad,Milverton,cmilvertonom@cyberchimps.com,Female,200.6.200.231
888,Courtney,Cumberledge,ccumberledgeon@shop-pro.jp,Male,250.150.202.9
889,Lenard,Blinerman,lblinermanoo@wikia.com,Male,17.101.192.88
890,Janot,Sonley,jsonleyop@seattletimes.com,Female,44.40.84.206
891,Selene,Ventham,sventhamoq@msu.edu,Female,68.133.28.229
892,Tomlin,Ellicock,tellicockor@pen.io,Male,81.92.60.216
893,Darbee,Gogie,dgogieos@cornell.edu,Male,210.220.139.194
894,Amos,Hodcroft,ahodcroftot@github.io,Male,85.91.50.196
895,Moises,Andrin,mandrinou@networksolutions.com,Male,178.71.165.104
896,Adda,Fahrenbach,afahrenbachov@ibm.com,Female,137.80.155.213
897,Jeremie,Tenaunt,jtenauntow@reference.com,Male,17.92.53.196
898,Roselia,Dacre,rdacreox@paypal.com,Female,122.231.201.46
899,Dinny,Kernar,dkernaroy@disqus.com,Female,55.77.153.74
900,Celia,Gerrad,cgerradoz@chron.com,Female,157.220.186.196
901,Yoshiko,Brehat,ybrehatp0@canalblog.com,Female,186.181.59.147
902,Andra,Dunning,adunningp1@artisteer.com,Female,249.162.143.171
903,Keslie,Lembke,klembkep2@amazon.com,Female,94.236.136.43
904,Jerry,Withringten,jwithringtenp3@dmoz.org,Male,183.45.216.131
905,Gretchen,Blackhall,gblackhallp4@census.gov,Female,113.223.166.168
906,Arly,Kaye,akayep5@so-net.ne.jp,Female,169.61.154.3
907,Suzie,Durak,sdurakp6@spotify.com,Genderfluid,27.180.216.197
908,Sherie,Tuma,stumap7@amazon.com,Female,44.245.168.11
909,Bail,Cuttelar,bcuttelarp8@thetimes.co.uk,Male,39.97.116.152
910,Alphard,Spincke,aspinckep9@ezinearticles.com,Male,217.253.78.19
911,Reed,Becaris,rbecarispa@state.gov,Male,126.192.36.208
912,Westbrook,Padbery,wpadberypb@booking.com,Male,13.134.207.99
913,Emelita,Kingsworth,ekingsworthpc@independent.co.uk,Female,73.81.211.235
914,Marris,Hanvey,mhanveypd@storify.com,Female,71.241.175.138
915,Barclay,Durnell,bdurnellpe@blogtalkradio.com,Male,137.174.22.66
916,Skippie,Higounet,shigounetpf@ucoz.com,Male,19.73.170.228
917,Creighton,Eliasen,celiasenpg@dailymail.co.uk,Male,225.135.187.189
918,Adelbert,Webben,awebbenph@studiopress.com,Male,208.34.10.242
919,Emory,Pennetti,epennettipi@imgur.com,Male,88.212.15.85
920,Jourdan,Reide,jreidepj@sciencedirect.com,Female,12.76.197.121
921,Erica,Lackney,elackneypk@sourceforge.net,Female,89.66.60.123
922,Gene,Lafrentz,glafrentzpl@plala.or.jp,Male,101.35.24.165
923,Rock,Bullivent,rbulliventpm@simplemachines.org,Male,108.214.189.201
924,Jackelyn,Tainton,jtaintonpn@time.com,Female,42.15.89.134
925,Verena,Grabiec,vgrabiecpo@marriott.com,Female,32.34.185.27
926,Georgette,Lepick,glepickpp@earthlink.net,Female,171.16.70.95
927,Dru,Grzegorek,dgrzegorekpq@zimbio.com,Female,75.232.191.246
928,Grady,Kennifick,gkennifickpr@army.mil,Genderfluid,50.224.246.213
929,Anatole,Meeke,ameekeps@github.com,Male,114.165.172.44
930,Lincoln,Holtham,lholthampt@google.pl,Male,23.230.210.116
931,Gena,Beric,gbericpu@ycombinator.com,Female,202.11.24.21
932,Andrey,Halls,ahallspv@amazon.com,Male,188.7.244.146
933,Byrle,Lemar,blemarpw@blogger.com,Male,195.237.43.29
934,Wendel,McKinie,wmckiniepx@feedburner.com,Bigender,71.197.143.148
935,Pedro,Castane,pcastanepy@cyberchimps.com,Male,153.222.226.171
936,Aime,Wrightem,awrightempz@amazonaws.com,Female,8.46.16.34
937,Berkie,Caldicott,bcaldicottq0@slate.com,Male,171.214.43.130
938,Madelene,Lulham,mlulhamq1@cisco.com,Female,109.34.109.32
939,Andre,Dilke,adilkeq2@canalblog.com,Male,88.190.144.125
940,Val,Drews,vdrewsq3@shareasale.com,Genderqueer,252.54.90.79
941,Hieronymus,Outridge,houtridgeq4@simplemachines.org,Male,7.249.66.114
942,Shena,Phonix,sphonixq5@wikia.com,Female,228.211.46.17
943,Joannes,Hedworth,jhedworthq6@uiuc.edu,Bigender,74.42.80.45
944,Jeannine,Toffanini,jtoffaniniq7@purevolume.com,Genderfluid,129.108.125.121
945,Hillier,Perrett,hperrettq8@newyorker.com,Male,234.159.247.189
946,Merle,Tiddy,mtiddyq9@furl.net,Female,6.121.7.118
947,Matty,Nuttey,mnutteyqa@sphinn.com,Female,35.162.21.147
948,Aldin,McGrah,amcgrahqb@pen.io,Male,233.60.192.92
949,Friedrick,Lalonde,flalondeqc@home.pl,Male,96.11.99.102
950,Garwood,Coghlan,gcoghlanqd@technorati.com,Agender,138.117.196.171
951,Matias,Shrimpton,mshrimptonqe@flavors.me,Male,200.133.56.64
952,Gibbie,Masterson,gmastersonqf@jimdo.com,Male,34.58.132.154
953,Evonne,Tyrone,etyroneqg@google.pl,Female,29.7.154.28
954,Rivi,Bore,rboreqh@usgs.gov,Female,152.141.137.214
955,Valentia,Maher,vmaherqi@si.edu,Female,116.91.173.60
956,Bonnibelle,Longlands,blonglandsqj@illinois.edu,Female,10.50.198.143
957,Herschel,Fellowes,hfellowesqk@jugem.jp,Male,144.122.7.55
958,Carita,Trigwell,ctrigwellql@illinois.edu,Female,219.234.109.249
959,Reinaldos,Schooling,rschoolingqm@japanpost.jp,Male,72.166.142.243
960,Tybie,Strawbridge,tstrawbridgeqn@google.nl,Female,237.210.38.186
961,Helsa,Grimsdike,hgrimsdikeqo@unblog.fr,Female,18.144.229.43
962,Ingemar,Grishukov,igrishukovqp@parallels.com,Male,255.125.90.20
963,Riane,Reville,rrevilleqq@cmu.edu,Female,85.167.213.214
964,Louise,Goodwin,lgoodwinqr@fema.gov,Female,201.232.176.176
965,Rip,Jorat,rjoratqs@macromedia.com,Male,34.157.190.148
966,Erika,Jacobsz,ejacobszqt@about.com,Female,102.213.106.20
967,Thorsten,Reide,treidequ@smh.com.au,Male,120.131.159.71
968,Pinchas,Seldner,pseldnerqv@shareasale.com,Male,70.13.189.185
969,Del,Elan,delanqw@friendfeed.com,Female,237.31.46.50
970,Linda,Mouat,lmouatqx@typepad.com,Female,92.207.11.15
971,Elnore,Girodin,egirodinqy@google.ca,Female,88.79.39.125
972,Sari,Dowsing,sdowsingqz@fc2.com,Female,140.96.115.2
973,Dene,Gauch,dgauchr0@google.ru,Male,61.88.238.252
974,Elliot,Gaber,egaberr1@freewebs.com,Male,226.4.28.137
975,Olin,Couper,ocouperr2@jimdo.com,Male,230.224.14.156
976,Kylie,Greatbank,kgreatbankr3@google.co.jp,Male,228.205.191.179
977,Milt,Scane,mscaner4@ucoz.ru,Male,68.100.103.238
978,Talya,Curds,tcurdsr5@amazon.com,Female,162.40.136.113
979,Euphemia,Spennock,espennockr6@example.com,Female,86.5.137.204
980,Heinrik,Dimmock,hdimmockr7@zdnet.com,Male,51.211.44.231
981,Alethea,Sacco,asaccor8@geocities.jp,Female,49.245.71.201
982,Carlye,Handy,chandyr9@ca.gov,Bigender,171.216.20.67
983,Jorgan,Cabera,jcaberara@xinhuanet.com,Male,106.247.31.30
984,Joleen,Balmadier,jbalmadierrb@pcworld.com,Female,81.77.2.170
985,Pinchas,Gillis,pgillisrc@google.pl,Male,161.29.86.35
986,Malinde,Tackell,mtackellrd@e-recht24.de,Female,252.1.193.159
987,Kori,Elsop,kelsopre@deviantart.com,Female,39.102.140.97
988,Celie,Wolfit,cwolfitrf@scribd.com,Bigender,86.77.226.86
989,Sax,Saward,ssawardrg@springer.com,Male,39.95.10.47
990,Kelvin,Crocombe,kcrocomberh@seattletimes.com,Male,112.29.89.196
991,Wain,Blaxill,wblaxillri@harvard.edu,Male,252.50.68.217
992,Pascal,Springtorp,pspringtorprj@reference.com,Male,235.121.40.161
993,Bentlee,Rigge,briggerk@deviantart.com,Male,19.32.90.254
994,Rozella,Laming,rlamingrl@360.cn,Female,93.249.153.2
995,Caryl,Gotthard.sf,cgotthardsfrm@godaddy.com,Female,224.231.241.114
996,Cinnamon,Dewhurst,cdewhurstrn@imageshack.us,Female,43.74.121.146
997,Harmon,Stummeyer,hstummeyerro@ca.gov,Male,87.123.22.203
998,Milli,Clappison,mclappisonrp@scribd.com,Female,74.172.197.224
999,Vanya,Aprahamian,vaprahamianrq@yellowpages.com,Male,133.168.26.62
1000,Jacquelynn,Heffron,jheffronrr@ca.gov,Female,115.81.204.144
