id,first_name,last_name,email,gender,ip_address
1,Hinze,Pretor,hpretor0@facebook.com,Male,76.6.187.247
2,Morlee,Echalie,mechalie1@apple.com,Male,108.84.233.188
3,Ivett,Jugging,ijugging2@zdnet.com,Female,113.25.106.175
4,Lutero,Corran,lcorran3@army.mil,Male,158.19.251.177
5,Raoul,Olford,rolford4@smugmug.com,Male,63.250.120.237
6,Biron,O' Clovan,boclovan5@gov.uk,Male,201.42.143.249
7,Kerrin,Sketch,ksketch6@g.co,Female,8.213.232.1
8,Merissa,Estick,mestick7@forbes.com,Genderqueer,89.92.90.112
9,Vikki,Hursey,vhursey8@ft.com,Female,61.100.32.15
10,Anselma,Rennenbach,arennenbach9@godaddy.com,Female,102.146.171.128
11,Meyer,Menham,mmenhama@vinaora.com,Male,34.50.80.213
12,Nikolia,Joannet,njoannetb@china.com.cn,Female,181.253.102.13
13,Chrissie,Foxall,cfoxallc@ning.com,Male,83.113.121.58
14,Patrizia,Whittock,pwhittockd@naver.com,Female,73.33.51.244
15,Richmound,Ife,rifee@state.gov,Non-binary,229.60.116.213
16,Trey,Geddes,tgeddesf@taobao.com,Male,216.185.235.115
17,Valentino,Mackstead,vmacksteadg@joomla.org,Male,222.29.122.176
18,Davey,Spieck,dspieckh@disqus.com,Male,92.167.141.157
19,Innis,Matysik,imatysiki@washingtonpost.com,Male,74.238.91.135
20,Bess,Dolley,bdolleyj@slate.com,Female,68.166.84.174
21,Wolf,Leneham,wlenehamk@seesaa.net,Male,62.156.41.51
22,Yule,Hairon,yhaironl@globo.com,Male,149.203.242.73
23,Bard,Pargent,bpargentm@whitehouse.gov,Male,59.158.120.44
24,Sher,Connerly,sconnerlyn@boston.com,Female,225.208.55.240
25,Petronille,Criple,pcripleo@yahoo.com,Female,240.174.140.179
26,Saloma,Pleven,splevenp@deliciousdays.com,Female,74.22.28.218
27,Aldis,Furnell,afurnellq@ebay.com,Male,67.43.198.225
28,Virgil,Fridaye,vfridayer@ustream.tv,Male,51.200.217.99
29,Kaycee,Hinrichs,khinrichss@qq.com,Female,156.27.100.200
30,Elyssa,Haggerty,ehaggertyt@uiuc.edu,Female,124.226.87.184
31,Chelsie,Myles,cmylesu@sitemeter.com,Female,250.143.239.238
32,Georgie,Sogg,gsoggv@state.tx.us,Agender,98.216.219.78
33,Candide,Farreil,cfarreilw@stanford.edu,Female,132.22.147.69
34,Massimiliano,Mattioli,mmattiolix@networksolutions.com,Male,97.245.252.196
35,Livia,Sewill,lsewilly@intel.com,Female,30.153.150.67
36,Niki,Jantot,njantotz@creativecommons.org,Male,164.112.108.56
37,Antoine,Chater,achater10@harvard.edu,Male,142.204.173.230
38,Marven,Saket,msaket11@dell.com,Male,212.123.227.38
39,Gabriello,Hillett,ghillett12@wix.com,Bigender,161.183.146.183
40,Claire,Bimrose,cbimrose13@opensource.org,Female,110.87.145.128
41,Robinet,Farries,rfarries14@webs.com,Female,73.125.252.234
42,Chalmers,Cote,ccote15@google.ca,Male,221.46.202.44
43,Carver,Guilloton,cguilloton16@example.com,Genderfluid,180.204.22.235
44,Farrel,Arnolds,farnolds17@businessweek.com,Male,84.14.75.238
45,Avril,O'Neil,aoneil18@ucla.edu,Female,87.222.86.46
46,Boycie,Dosdill,bdosdill19@newsvine.com,Male,185.136.79.79
47,Odella,Bisgrove,obisgrove1a@google.com.au,Female,223.211.14.104
48,Toddy,Pottie,tpottie1b@about.me,Polygender,238.174.202.245
49,Alis,Mattys,amattys1c@engadget.com,Female,127.57.195.212
50,Townsend,Bearblock,tbearblock1d@topsy.com,Male,35.178.142.75
51,Renaldo,Dole,rdole1e@upenn.edu,Male,143.7.159.44
52,Leonidas,Boldison,lboldison1f@vk.com,Male,248.21.236.125
53,Martguerita,Malthouse,mmalthouse1g@blogs.com,Female,57.137.94.180
54,Addy,Durston,adurston1h@chronoengine.com,Male,150.106.71.50
55,Cissiee,Wewell,cwewell1i@canalblog.com,Female,152.19.102.61
56,Gaultiero,Kemwal,gkemwal1j@usgs.gov,Male,156.106.149.106
57,Kriste,Slark,kslark1k@kickstarter.com,Female,49.80.63.224
58,Denney,Rodder,drodder1l@ted.com,Male,101.56.114.219
59,Alexandro,Lassells,alassells1m@state.gov,Male,47.180.150.251
60,Hermon,Tolcharde,htolcharde1n@ehow.com,Male,219.84.201.115
61,Rayna,McAlpine,rmcalpine1o@cnn.com,Female,1.34.140.67
62,Jessalyn,Blanchette,jblanchette1p@adobe.com,Female,248.57.165.112
63,Norby,Frayling,nfrayling1q@dot.gov,Male,110.89.51.234
64,Linc,Darcey,ldarcey1r@spiegel.de,Male,195.28.36.222
65,Pat,Spirit,pspirit1s@netlog.com,Male,162.0.48.8
66,Cazzie,McGovern,cmcgovern1t@cpanel.net,Male,3.1.36.9
67,Bernarr,Wetwood,bwetwood1u@bloglines.com,Male,116.25.43.139
68,Wendi,Askell,waskell1v@hc360.com,Female,108.130.162.166
69,Ash,Grigori,agrigori1w@last.fm,Male,145.95.82.245
70,Dave,Kinnock,dkinnock1x@friendfeed.com,Male,128.144.227.238
71,Seumas,Paynter,spaynter1y@home.pl,Male,242.34.164.4
72,Brigitta,Tames,btames1z@scientificamerican.com,Female,119.125.66.2
73,Silvain,Baldoni,sbaldoni20@wunderground.com,Male,211.219.128.44
74,Leonerd,Swetland,lswetland21@home.pl,Male,102.178.80.28
75,Earle,McGettigan,emcgettigan22@tinypic.com,Male,44.40.120.121
76,Ronna,Morson,rmorson23@google.cn,Female,140.193.5.212
77,Bruno,Geaney,bgeaney24@shinystat.com,Male,50.92.147.40
78,Joni,Ovill,jovill25@google.com.br,Female,163.169.249.66
79,Collen,Grichukhin,cgrichukhin26@wordpress.com,Female,197.58.131.68
80,Darda,Baverstock,dbaverstock27@infoseek.co.jp,Female,55.58.246.107
81,Land,Latter,llatter28@unicef.org,Male,240.158.246.253
82,Fulton,Emtage,femtage29@wiley.com,Male,192.51.18.99
83,Portia,Poyntz,ppoyntz2a@archive.org,Non-binary,65.60.19.17
84,Cirillo,Dunk,cdunk2b@cdc.gov,Male,185.64.107.24
85,Talia,Errett,terrett2c@icq.com,Female,56.72.35.238
86,Valaree,Proudley,vproudley2d@vimeo.com,Female,66.20.80.163
87,Ruddie,Pizzey,rpizzey2e@alexa.com,Genderfluid,240.179.2.89
88,Jory,Kington,jkington2f@wisc.edu,Male,28.160.23.251
89,Cointon,Flescher,cflescher2g@bizjournals.com,Polygender,45.88.221.118
90,Jacquenette,Goodredge,jgoodredge2h@noaa.gov,Female,170.42.192.55
91,Melisent,Hynde,mhynde2i@odnoklassniki.ru,Female,27.34.29.0
92,Gabriela,Haycraft,ghaycraft2j@ustream.tv,Female,90.21.50.139
93,Billy,McGloin,bmcgloin2k@nytimes.com,Male,82.134.133.241
94,Ingra,Corkhill,icorkhill2l@quantcast.com,Male,230.11.229.135
95,Elfreda,Dresche,edresche2m@purevolume.com,Female,81.165.147.253
96,Teresina,Paliser,tpaliser2n@1688.com,Female,104.55.86.201
97,Russell,Kristiansen,rkristiansen2o@hud.gov,Male,97.116.28.34
98,Jamison,Buckhurst,jbuckhurst2p@arizona.edu,Male,27.75.124.13
99,Harrietta,Dallander,hdallander2q@elegantthemes.com,Polygender,71.127.134.170
100,Malia,Bentz,mbentz2r@blogtalkradio.com,Female,67.86.64.185
101,Nikos,Pottle,npottle2s@quantcast.com,Male,206.201.65.185
102,Phedra,Janaud,pjanaud2t@digg.com,Female,22.147.8.26
103,Annnora,McPhee,amcphee2u@canalblog.com,Polygender,228.227.223.126
104,Xena,Malec,xmalec2v@cam.ac.uk,Female,235.15.228.237
105,Candis,Hollington,chollington2w@nifty.com,Female,194.188.167.221
106,Tyrus,Filchakov,tfilchakov2x@earthlink.net,Male,3.46.164.175
107,Kirsten,McQuilliam,kmcquilliam2y@w3.org,Female,104.138.78.198
108,Chrystal,Brave,cbrave2z@google.pl,Female,208.241.77.96
109,Briant,Shepley,bshepley30@pinterest.com,Male,201.8.87.64
110,Maurene,Muzzini,mmuzzini31@yahoo.com,Female,249.189.185.117
111,Jill,Gorini,jgorini32@livejournal.com,Genderfluid,190.47.85.75
112,Lambert,Krug,lkrug33@jiathis.com,Male,41.54.176.49
113,Redd,Iwanczyk,riwanczyk34@netlog.com,Male,227.172.29.25
114,Con,Fossitt,cfossitt35@stanford.edu,Female,30.185.1.183
115,Agosto,Clearley,aclearley36@xing.com,Male,127.117.177.217
116,Valry,Conor,vconor37@nationalgeographic.com,Female,21.207.38.3
117,Roby,Tirkin,rtirkin38@ox.ac.uk,Female,138.180.243.32
118,Calley,Sketchley,csketchley39@weibo.com,Female,220.164.107.74
119,Petrina,McGilroy,pmcgilroy3a@flickr.com,Female,236.132.164.150
120,Wain,Siegertsz,wsiegertsz3b@harvard.edu,Male,179.12.147.136
121,Marylinda,Mayes,mmayes3c@go.com,Female,37.244.217.172
122,Clarita,Goundry,cgoundry3d@google.nl,Female,195.228.222.99
123,Elladine,Durno,edurno3e@si.edu,Female,72.211.148.24
124,Jamie,Alden,jalden3f@imageshack.us,Male,182.190.109.202
125,Kerrin,Malkin,kmalkin3g@google.pl,Female,34.57.68.201
126,Garey,Swaddle,gswaddle3h@eventbrite.com,Male,160.233.81.238
127,Ralina,Arrigo,rarrigo3i@wikimedia.org,Female,74.162.196.203
128,Benedetta,Overil,boveril3j@themeforest.net,Female,231.148.16.91
129,Doralia,Barthelmes,dbarthelmes3k@chron.com,Female,170.80.171.59
130,Barnie,Belham,bbelham3l@army.mil,Male,38.104.122.117
131,Claudianus,Whitmore,cwhitmore3m@ocn.ne.jp,Male,147.144.181.68
132,Mora,Claxson,mclaxson3n@jalbum.net,Female,192.248.221.234
133,Drew,Perrygo,dperrygo3o@devhub.com,Male,193.121.197.229
134,Billy,Rickman,brickman3p@go.com,Female,65.201.135.196
135,Wilek,Curd,wcurd3q@sciencedaily.com,Male,48.222.246.253
136,Annalee,Christauffour,achristauffour3r@ebay.com,Female,28.246.122.23
137,Laurena,Beeke,lbeeke3s@mail.ru,Female,224.63.194.189
138,Essa,Kopman,ekopman3t@123-reg.co.uk,Female,137.235.213.247
139,Giorgio,Frowd,gfrowd3u@yahoo.com,Male,76.149.192.217
140,Ross,Rutley,rrutley3v@flickr.com,Male,218.161.105.39
141,Raphael,Guilayn,rguilayn3w@washingtonpost.com,Male,123.208.20.227
142,Ario,Malby,amalby3x@reddit.com,Male,141.223.96.224
143,Trudie,Rape,trape3y@blogtalkradio.com,Female,209.207.127.132
144,Stephani,Gibby,sgibby3z@sun.com,Female,202.121.254.32
145,Edin,McRobert,emcrobert40@studiopress.com,Bigender,175.58.195.23
146,Terrie,Arendsen,tarendsen41@arstechnica.com,Female,40.116.189.27
147,Enriqueta,Wailes,ewailes42@oaic.gov.au,Female,43.253.9.203
148,Ericka,Gleasane,egleasane43@cornell.edu,Female,215.225.28.253
149,Bancroft,Larkkem,blarkkem44@symantec.com,Male,20.38.118.213
150,Guilbert,Bariball,gbariball45@multiply.com,Male,201.127.33.137
151,Candice,Lauret,clauret46@unicef.org,Female,108.31.43.224
152,Adel,Vautin,avautin47@123-reg.co.uk,Female,198.98.124.227
153,Jonas,Fyfe,jfyfe48@reference.com,Male,103.63.84.40
154,Milicent,Kilbane,mkilbane49@columbia.edu,Female,12.105.244.45
155,Carlyn,Keenleyside,ckeenleyside4a@php.net,Female,238.247.92.29
156,Silvain,Volk,svolk4b@weather.com,Male,202.22.3.58
157,Paul,Gregson,pgregson4c@ow.ly,Male,226.222.231.109
158,Jordan,Stapforth,jstapforth4d@newsvine.com,Female,106.171.21.207
159,Olive,Leal,oleal4e@hao123.com,Female,12.192.221.46
160,Dru,Schruurs,dschruurs4f@shareasale.com,Female,165.172.16.100
161,Margaretta,Glassard,mglassard4g@foxnews.com,Female,21.103.123.117
162,Tobias,Kehri,tkehri4h@cdbaby.com,Male,115.112.63.50
163,Abey,Stirgess,astirgess4i@people.com.cn,Male,197.25.57.172
164,Kris,Barnewall,kbarnewall4j@indiatimes.com,Male,66.64.23.209
165,Drud,Danielczyk,ddanielczyk4k@arizona.edu,Male,140.15.67.255
166,Manya,Baelde,mbaelde4l@biglobe.ne.jp,Female,174.210.44.66
167,Darcy,Sellan,dsellan4m@fc2.com,Female,190.185.71.39
168,Palm,Healeas,phealeas4n@foxnews.com,Bigender,157.168.84.229
169,Trescha,Brucker,tbrucker4o@chicagotribune.com,Female,161.189.114.131
170,Fanni,Fowlie,ffowlie4p@sun.com,Female,50.53.78.128
171,Olivia,Redfern,oredfern4q@home.pl,Female,15.253.187.38
172,Roxi,Wise,rwise4r@google.nl,Non-binary,236.178.41.196
173,Etta,Gordon,egordon4s@utexas.edu,Female,169.148.112.51
174,Skipper,Crunkhorn,scrunkhorn4t@sohu.com,Male,14.218.123.242
175,Mikkel,Woodger,mwoodger4u@flickr.com,Male,58.108.67.204
176,Keslie,Lanon,klanon4v@fastcompany.com,Female,143.15.229.167
177,Bordie,Gorini,bgorini4w@noaa.gov,Male,203.237.213.98
178,Reagen,Forgie,rforgie4x@furl.net,Male,29.144.203.182
179,Timotheus,Wehden,twehden4y@marriott.com,Male,80.97.176.118
180,Lulita,Moreton,lmoreton4z@washingtonpost.com,Female,132.3.218.127
181,Boris,Hurich,bhurich50@mapquest.com,Male,240.175.60.139
182,Barrett,Peacher,bpeacher51@blogs.com,Male,191.41.203.37
183,Mommy,Leavold,mleavold52@parallels.com,Female,177.24.77.86
184,Fred,Kaesmans,fkaesmans53@t.co,Male,200.226.106.248
185,Shellie,Bunclark,sbunclark54@hatena.ne.jp,Female,27.123.3.71
186,Sergeant,Haimes,shaimes55@amazon.com,Male,183.251.171.109
187,Trevor,Mathiot,tmathiot56@scribd.com,Male,45.199.58.58
188,Sylvester,Schaffler,sschaffler57@fda.gov,Male,240.80.35.158
189,Audrey,Iacovazzi,aiacovazzi58@go.com,Female,147.80.23.61
190,Glyn,Pettyfer,gpettyfer59@mapy.cz,Female,135.53.240.84
191,Cirilo,Emeline,cemeline5a@sina.com.cn,Male,147.193.57.34
192,Brok,Hardaker,bhardaker5b@elpais.com,Non-binary,165.25.35.135
193,Coral,Sabater,csabater5c@dagondesign.com,Female,254.145.159.245
194,Arv,Ewell,aewell5d@1und1.de,Male,11.127.55.177
195,Harland,Hanse,hhanse5e@pinterest.com,Male,74.110.8.23
196,Garwood,Saffran,gsaffran5f@bravesites.com,Male,136.3.13.80
197,Tommie,Garahan,tgarahan5g@discovery.com,Male,44.144.154.112
198,Josie,Moquin,jmoquin5h@istockphoto.com,Female,155.63.59.30
199,Jordanna,Rutherforth,jrutherforth5i@unesco.org,Female,44.23.162.171
200,Cassondra,Cerie,ccerie5j@hubpages.com,Female,148.37.194.199
201,Tam,Kuzemka,tkuzemka5k@guardian.co.uk,Male,170.67.227.54
202,Robbie,Ridgeway,rridgeway5l@simplemachines.org,Female,242.102.137.64
203,Dewey,Sheppey,dsheppey5m@creativecommons.org,Male,162.26.41.166
204,Roderich,Armytage,rarmytage5n@theguardian.com,Male,162.0.64.106
205,Sanford,Manssuer,smanssuer5o@g.co,Male,84.63.37.184
206,Clim,Attenborough,cattenborough5p@jimdo.com,Male,116.4.223.223
207,Hort,Endacott,hendacott5q@cisco.com,Male,108.177.118.95
208,Fremont,Jales,fjales5r@guardian.co.uk,Male,239.3.63.14
209,Elayne,Dahmel,edahmel5s@godaddy.com,Female,162.2.241.129
210,Benji,Gouley,bgouley5t@booking.com,Male,9.253.111.254
211,Karoly,Shuxsmith,kshuxsmith5u@reference.com,Female,193.203.68.83
212,Karissa,Macallam,kmacallam5v@google.pl,Female,43.234.133.32
213,Geoffry,Rammell,grammell5w@jalbum.net,Male,75.124.37.99
214,Hermy,Hassall,hhassall5x@canalblog.com,Male,233.81.59.154
215,Nedda,Schrinel,nschrinel5y@51.la,Polygender,46.189.173.193
216,Adan,Spaunton,aspaunton5z@msu.edu,Male,92.35.134.44
217,Luca,Scafe,lscafe60@slate.com,Male,103.83.64.120
218,Gustaf,Beining,gbeining61@usa.gov,Male,186.224.235.103
219,Michelina,Manwell,mmanwell62@github.io,Bigender,38.8.78.71
220,Alasteir,Jordan,ajordan63@google.co.uk,Polygender,126.175.137.216
221,Vanya,Del Dello,vdeldello64@redcross.org,Male,41.166.249.240
222,Gregor,Coole,gcoole65@salon.com,Male,229.176.168.14
223,Anna-maria,Klauber,aklauber66@google.it,Female,184.202.177.75
224,Lissa,Pennuzzi,lpennuzzi67@ameblo.jp,Agender,8.87.208.217
225,Teodoro,Leggett,tleggett68@mapy.cz,Male,188.91.250.53
226,Donielle,Fabb,dfabb69@vistaprint.com,Female,173.215.180.207
227,Erin,Kuschek,ekuschek6a@biglobe.ne.jp,Female,144.97.104.87
228,Rosco,Lardnar,rlardnar6b@cocolog-nifty.com,Male,60.92.173.99
229,Freddie,Wenzel,fwenzel6c@state.tx.us,Male,117.207.12.31
230,Ramonda,Duiged,rduiged6d@oaic.gov.au,Female,22.176.215.50
231,Joan,Keysall,jkeysall6e@census.gov,Female,116.14.14.187
232,Clarabelle,Morrall,cmorrall6f@shutterfly.com,Non-binary,233.158.22.229
233,Dareen,Seiter,dseiter6g@macromedia.com,Female,21.15.99.85
234,Kaitlynn,Tumulty,ktumulty6h@state.gov,Non-binary,137.55.91.208
235,Brana,Dorin,bdorin6i@google.co.jp,Female,74.227.251.8
236,Paco,Spinnace,pspinnace6j@livejournal.com,Polygender,162.53.20.126
237,Kaitlynn,Weekland,kweekland6k@mtv.com,Female,120.82.140.29
238,Mady,L'Archer,mlarcher6l@skyrock.com,Female,144.99.185.99
239,Evaleen,Venditto,evenditto6m@ask.com,Female,70.234.176.145
240,Katlin,Dimmer,kdimmer6n@php.net,Female,14.11.228.140
241,Oswell,Martine,omartine6o@mayoclinic.com,Male,91.182.245.130
242,Addison,Clement,aclement6p@yahoo.com,Male,130.198.181.34
243,Grover,Flounders,gflounders6q@fotki.com,Male,64.41.123.29
244,Terrijo,Espadero,tespadero6r@prnewswire.com,Female,171.125.173.82
245,Wendell,Hinckes,whinckes6s@jigsy.com,Male,60.184.194.13
246,Egor,Willson,ewillson6t@ask.com,Male,235.34.130.52
247,Dorothea,MacLennan,dmaclennan6u@paypal.com,Female,47.218.156.62
248,Obidiah,Archibould,oarchibould6v@miitbeian.gov.cn,Male,246.82.52.7
249,Leesa,Adelsberg,ladelsberg6w@delicious.com,Female,139.251.130.133
250,Herta,Parsand,hparsand6x@nba.com,Female,177.129.131.250
251,Deeanne,Hedditch,dhedditch6y@cyberchimps.com,Genderfluid,75.212.64.69
252,Kissie,Ranscome,kranscome6z@youtube.com,Female,77.5.29.128
253,Chip,Stilling,cstilling70@utexas.edu,Male,81.90.164.34
254,Rab,Copsey,rcopsey71@chronoengine.com,Male,96.4.121.254
255,Portie,Hamlyn,phamlyn72@mozilla.org,Male,150.77.56.166
256,Jessey,Mallows,jmallows73@tamu.edu,Male,84.239.181.76
257,Carmine,Canti,ccanti74@webs.com,Polygender,62.140.41.37
258,Roxana,Solomonides,rsolomonides75@businessinsider.com,Agender,166.237.59.27
259,Valeda,McMennum,vmcmennum76@ning.com,Female,254.223.2.171
260,Eleanore,Abraham,eabraham77@utexas.edu,Female,21.196.197.230
261,Solomon,Kyndred,skyndred78@quantcast.com,Male,170.123.63.251
262,Quintana,covino,qcovino79@ustream.tv,Female,49.3.155.239
263,Carmelle,Yuill,cyuill7a@1und1.de,Female,174.33.124.204
264,Rozalie,Beiderbecke,rbeiderbecke7b@sciencedirect.com,Female,80.173.89.67
265,Christan,Brunsdon,cbrunsdon7c@dedecms.com,Female,87.159.88.245
266,Free,Matthewman,fmatthewman7d@hhs.gov,Male,40.196.46.198
267,Grete,Nurden,gnurden7e@cbc.ca,Female,33.221.156.61
268,Vale,Ferriby,vferriby7f@linkedin.com,Male,40.174.127.190
269,Artair,Lozano,alozano7g@w3.org,Male,65.250.10.145
270,Timothee,Lorrie,tlorrie7h@slate.com,Male,249.250.90.40
271,Irvin,Dunnaway,idunnaway7i@sciencedirect.com,Male,8.50.16.98
272,Amata,Van Halle,avanhalle7j@hostgator.com,Agender,37.29.251.19
273,Phyllida,Kilgallen,pkilgallen7k@ezinearticles.com,Female,222.30.238.92
274,Cale,Trevarthen,ctrevarthen7l@qq.com,Bigender,223.195.69.139
275,Morey,Drawmer,mdrawmer7m@surveymonkey.com,Male,144.140.39.111
276,Hetty,Wassell,hwassell7n@fotki.com,Female,69.6.206.92
277,Ingar,Pogson,ipogson7o@ebay.com,Male,223.221.138.186
278,Addy,Braunds,abraunds7p@reference.com,Male,154.60.123.164
279,Junie,Ebdin,jebdin7q@bbc.co.uk,Female,23.40.86.12
280,Ranee,Letty,rletty7r@cloudflare.com,Female,207.108.243.227
281,Nels,Mayes,nmayes7s@google.nl,Male,10.80.176.78
282,Suzann,Brettel,sbrettel7t@dmoz.org,Female,251.240.249.89
283,Isiahi,Skett,iskett7u@cmu.edu,Male,89.244.189.167
284,Herschel,Zuan,hzuan7v@naver.com,Male,10.122.50.71
285,Jasmina,Davitti,jdavitti7w@canalblog.com,Female,181.1.173.191
286,Thom,Tennet,ttennet7x@walmart.com,Male,194.253.102.142
287,Thornie,Powis,tpowis7y@gizmodo.com,Male,176.104.225.65
288,Winston,Derkes,wderkes7z@guardian.co.uk,Male,76.149.204.14
289,Conrad,Stendell,cstendell80@comcast.net,Male,0.211.135.124
290,Lalo,Marconi,lmarconi81@buzzfeed.com,Male,131.86.216.227
291,Mordy,Lacer,mlacer82@drupal.org,Male,23.33.100.90
292,Tarrance,Rowland,trowland83@latimes.com,Male,216.243.247.13
293,Genia,Mucklo,gmucklo84@homestead.com,Female,181.152.221.119
294,Lindsey,Durgan,ldurgan85@washington.edu,Male,121.34.215.168
295,Dulcine,Jacop,djacop86@simplemachines.org,Female,189.162.166.218
296,Stanwood,Chaffe,schaffe87@constantcontact.com,Male,142.21.102.5
297,Ode,Elton,oelton88@w3.org,Male,234.151.144.76
298,Raina,Arbor,rarbor89@bravesites.com,Female,37.137.128.114
299,Avis,Bicker,abicker8a@noaa.gov,Female,128.145.164.84
300,Yvor,Pagen,ypagen8b@wufoo.com,Polygender,255.246.152.42
301,Isaac,Phateplace,iphateplace8c@nbcnews.com,Male,244.14.31.80
302,Billye,Gummoe,bgummoe8d@mozilla.org,Female,16.57.98.160
303,Corabelle,Sheavills,csheavills8e@ehow.com,Female,60.136.145.37
304,Maure,Wilprecht,mwilprecht8f@latimes.com,Female,123.60.135.88
305,Tabby,Dreher,tdreher8g@ameblo.jp,Male,48.69.121.107
306,Thibaut,Brackpool,tbrackpool8h@paginegialle.it,Male,93.57.60.202
307,Dew,Mordaunt,dmordaunt8i@ihg.com,Male,219.144.119.0
308,Maryellen,Abella,mabella8j@java.com,Female,122.242.149.226
309,Jamison,Maile,jmaile8k@soup.io,Male,180.213.85.115
310,Elbert,Berlin,eberlin8l@devhub.com,Male,13.174.170.20
311,Thedrick,Castagnasso,tcastagnasso8m@rakuten.co.jp,Male,96.124.193.223
312,Bowie,Benettini,bbenettini8n@theglobeandmail.com,Male,100.52.208.37
313,Roddie,Jacob,rjacob8o@networksolutions.com,Male,98.131.190.188
314,Ronda,Eckels,reckels8p@nationalgeographic.com,Female,87.86.173.30
315,Ronny,Ingles,ringles8q@about.me,Male,214.250.198.111
316,Lisle,Heaker,lheaker8r@vinaora.com,Male,13.152.189.198
317,Helsa,Hallum,hhallum8s@sphinn.com,Female,246.209.219.16
318,Conway,Durie,cdurie8t@hud.gov,Male,94.222.169.135
319,Blondelle,Excell,bexcell8u@upenn.edu,Female,220.114.184.161
320,Alleyn,Fosserd,afosserd8v@princeton.edu,Bigender,199.109.24.198
321,Alina,Jakobssen,ajakobssen8w@shutterfly.com,Female,240.69.168.152
322,Danie,Linthead,dlinthead8x@netvibes.com,Male,219.193.163.55
323,Peyton,Repper,prepper8y@npr.org,Male,96.7.65.43
324,Ingaberg,Bilborough,ibilborough8z@reddit.com,Female,104.52.83.120
325,Fabiano,Brezlaw,fbrezlaw90@netscape.com,Male,14.140.171.147
326,Ginevra,Fonzo,gfonzo91@paypal.com,Female,241.4.247.18
327,Deborah,Yeldon,dyeldon92@webnode.com,Female,185.148.22.236
328,Tedman,Weyman,tweyman93@sakura.ne.jp,Non-binary,98.170.63.68
329,Justinn,Farrow,jfarrow94@artisteer.com,Female,7.36.179.0
330,Sigmund,Yakubovics,syakubovics95@goo.ne.jp,Male,175.109.91.206
331,Miller,Hubert,mhubert96@berkeley.edu,Male,159.79.135.132
332,Elwyn,Chinnock,echinnock97@i2i.jp,Male,157.100.252.144
333,Cindra,Malletratt,cmalletratt98@time.com,Female,229.8.94.234
334,Igor,Gossage,igossage99@t.co,Genderqueer,138.189.253.14
335,Fidole,Paprotny,fpaprotny9a@php.net,Male,177.212.183.164
336,Aurelie,Mattioni,amattioni9b@wix.com,Female,104.130.39.206
337,Myrlene,Danielovitch,mdanielovitch9c@yolasite.com,Female,174.247.139.160
338,Hedy,Nudde,hnudde9d@youtube.com,Female,171.255.4.35
339,Giffy,Hardinge,ghardinge9e@wikimedia.org,Male,1.134.48.85
340,Sharon,Dufaire,sdufaire9f@goo.gl,Female,176.171.242.65
341,Vivien,Ashford,vashford9g@typepad.com,Female,176.226.48.148
342,Ansell,Kinsey,akinsey9h@devhub.com,Polygender,27.177.77.83
343,Aurie,Corkan,acorkan9i@yahoo.co.jp,Female,17.185.131.129
344,Ellwood,Woolrich,ewoolrich9j@cafepress.com,Male,119.146.54.1
345,Angelle,Biffin,abiffin9k@boston.com,Female,39.73.225.101
346,Rosina,Venables,rvenables9l@springer.com,Female,25.9.38.205
347,Andros,Bradder,abradder9m@free.fr,Male,97.247.44.150
348,Ashlee,Wycherley,awycherley9n@hao123.com,Female,46.191.154.157
349,Nickey,Struys,nstruys9o@exblog.jp,Male,193.142.14.176
350,Stearne,Wiltshaw,swiltshaw9p@blogtalkradio.com,Male,239.203.88.12
351,Toinette,Tellenbrook,ttellenbrook9q@vinaora.com,Female,22.203.208.212
352,Jacquenetta,Kilshall,jkilshall9r@squidoo.com,Female,246.178.150.181
353,Gerhardt,Rackstraw,grackstraw9s@weebly.com,Male,87.104.224.38
354,Geoffry,Sawle,gsawle9t@apache.org,Male,247.248.236.245
355,Abbie,Newsham,anewsham9u@amazonaws.com,Male,164.145.220.17
356,Sayres,Carnaman,scarnaman9v@alibaba.com,Male,56.49.37.170
357,Jaine,Humm,jhumm9w@gravatar.com,Female,234.191.197.11
358,Averill,Kalisch,akalisch9x@usgs.gov,Male,67.243.221.60
359,Cammi,Helm,chelm9y@whitehouse.gov,Female,47.213.245.163
360,Merle,Borg,mborg9z@huffingtonpost.com,Male,96.76.139.180
361,Marven,McKenna,mmckennaa0@ox.ac.uk,Male,220.202.205.207
362,Missie,Colomb,mcolomba1@blogger.com,Female,189.38.142.47
363,Salim,Alexsandrov,salexsandrova2@hugedomains.com,Male,255.20.181.209
364,Findley,Tremmil,ftremmila3@live.com,Non-binary,19.138.98.62
365,Chariot,Hatterslay,chatterslaya4@storify.com,Male,32.19.118.218
366,Waring,Dightham,wdighthama5@ucla.edu,Male,219.69.112.102
367,Nessi,Deverick,ndevericka6@oakley.com,Female,159.129.120.38
368,Mavis,Hylden,mhyldena7@reference.com,Female,215.163.142.17
369,Antone,Vernalls,avernallsa8@gizmodo.com,Male,153.83.163.121
370,Isabelita,Wint,iwinta9@google.pl,Female,196.160.204.216
371,Farrah,Plevey,fpleveyaa@google.es,Female,149.246.83.200
372,Mufi,Melato,mmelatoab@theguardian.com,Female,168.192.128.214
373,Jaquith,Whellams,jwhellamsac@clickbank.net,Female,179.195.71.45
374,Kimmie,Hoyle,khoylead@cdbaby.com,Female,231.122.242.79
375,Joannes,Telling,jtellingae@economist.com,Female,180.253.94.105
376,Mirabelle,Moroney,mmoroneyaf@ow.ly,Female,134.151.20.76
377,Andrea,Hallows,ahallowsag@liveinternet.ru,Female,166.89.25.232
378,Hurlee,Dwyer,hdwyerah@4shared.com,Male,240.153.98.141
379,Holli,Liddard,hliddardai@ning.com,Female,76.97.227.51
380,Chrystal,Stonham,cstonhamaj@booking.com,Female,102.36.72.156
381,Reid,Brizell,rbrizellak@addtoany.com,Male,20.85.213.185
382,Nicolea,Landre,nlandreal@washington.edu,Female,236.208.220.104
383,Debra,Lilloe,dlilloeam@is.gd,Female,194.17.202.255
384,Ruddy,Digby,rdigbyan@uol.com.br,Male,104.62.225.172
385,Dynah,Sacher,dsacherao@diigo.com,Non-binary,74.219.13.113
386,Alfonse,Montgomery,amontgomeryap@yolasite.com,Male,119.126.77.71
387,Joli,O'Connell,joconnellaq@over-blog.com,Female,116.2.82.251
388,Janifer,Maynell,jmaynellar@zdnet.com,Agender,135.167.145.53
389,Joshia,Passe,jpasseas@prweb.com,Male,169.197.82.81
390,Christie,Edworthye,cedworthyeat@google.com,Female,96.239.194.93
391,Brent,Kahn,bkahnau@businessinsider.com,Male,86.12.247.47
392,Sena,Connichie,sconnichieav@wufoo.com,Female,230.44.108.21
393,Ozzy,Wagon,owagonaw@scribd.com,Male,197.64.182.164
394,Marga,Miskelly,mmiskellyax@xing.com,Female,219.187.66.202
395,Justus,Armstrong,jarmstrongay@netlog.com,Male,94.4.188.243
396,Henderson,Garrett,hgarrettaz@foxnews.com,Male,212.189.150.121
397,Vinnie,Joreau,vjoreaub0@comsenz.com,Male,244.108.229.184
398,Ernie,Fleote,efleoteb1@china.com.cn,Male,114.8.191.39
399,Jacenta,Skains,jskainsb2@craigslist.org,Female,122.45.99.71
400,Stevana,Faley,sfaleyb3@europa.eu,Female,96.4.174.54
401,Riki,Dimbylow,rdimbylowb4@stumbleupon.com,Female,154.80.244.238
402,Margaretha,Kidstone,mkidstoneb5@cdc.gov,Female,130.235.117.139
403,Adolpho,Berthouloume,aberthouloumeb6@springer.com,Male,157.228.4.68
404,Dniren,Tomeo,dtomeob7@cmu.edu,Female,125.117.126.30
405,Quintilla,Cusiter,qcusiterb8@cyberchimps.com,Female,158.51.149.94
406,Bibi,Lesper,blesperb9@senate.gov,Genderfluid,190.238.39.153
407,Othelia,Bellchamber,obellchamberba@home.pl,Female,158.117.63.168
408,Carolus,Tesimon,ctesimonbb@foxnews.com,Male,50.109.157.46
409,Marlin,Belding,mbeldingbc@techcrunch.com,Male,14.96.223.242
410,Nanon,Slavin,nslavinbd@fc2.com,Female,178.165.62.213
411,Beale,Penhall,bpenhallbe@elpais.com,Male,80.157.2.96
412,Waite,McCowan,wmccowanbf@cocolog-nifty.com,Male,228.239.38.11
413,Leodora,Phelan,lphelanbg@moonfruit.com,Female,73.103.38.48
414,Burke,Cropper,bcropperbh@army.mil,Male,23.184.155.164
415,Thatcher,Hinchon,thinchonbi@blogtalkradio.com,Male,29.74.91.187
416,Mickie,Slimme,mslimmebj@ibm.com,Female,113.201.31.112
417,Karoly,Botley,kbotleybk@dropbox.com,Genderfluid,49.114.57.68
418,Saloma,Whitley,swhitleybl@amazonaws.com,Female,228.43.84.29
419,Doreen,Wilflinger,dwilflingerbm@fc2.com,Female,59.96.111.102
420,Fritz,Bagworth,fbagworthbn@admin.ch,Male,99.139.131.155
421,Salomi,Poynter,spoynterbo@dell.com,Female,189.35.106.16
422,Hermann,Chevalier,hchevalierbp@feedburner.com,Male,97.250.203.189
423,Lukas,Figgures,lfigguresbq@chronoengine.com,Male,235.152.219.57
424,Marie-ann,Von Welldun,mvonwelldunbr@yolasite.com,Female,75.48.130.148
425,Judi,Batchley,jbatchleybs@blogspot.com,Female,99.69.117.77
426,Laney,Dorton,ldortonbt@cafepress.com,Male,96.237.173.229
427,Jasmina,Pechard,jpechardbu@gnu.org,Female,19.194.18.164
428,Florry,Birney,fbirneybv@craigslist.org,Female,240.229.41.128
429,Huntlee,Oiseau,hoiseaubw@hud.gov,Male,243.82.201.135
430,Samaria,Sells,ssellsbx@wikimedia.org,Female,215.30.56.228
431,Marcy,Bagshawe,mbagshaweby@ycombinator.com,Female,43.220.160.241
432,Florence,Baudino,fbaudinobz@hubpages.com,Female,110.121.237.210
433,Georges,Raccio,graccioc0@archive.org,Male,3.3.21.229
434,Garik,Minall,gminallc1@elpais.com,Male,111.84.165.139
435,Heath,Bartolomucci,hbartolomuccic2@weather.com,Female,161.144.32.246
436,Reider,Fitzpayn,rfitzpaync3@topsy.com,Male,116.234.250.161
437,Annmaria,Batha,abathac4@tuttocitta.it,Female,33.5.60.83
438,Even,Gillimgham,egillimghamc5@usda.gov,Male,14.235.12.246
439,Nike,Swaine,nswainec6@fema.gov,Female,131.191.9.40
440,Ray,Belhome,rbelhomec7@dot.gov,Female,174.125.141.81
441,Aida,Prott,aprottc8@ycombinator.com,Female,156.193.43.128
442,Gail,McNirlan,gmcnirlanc9@google.co.jp,Male,40.51.168.111
443,Hewe,Symes,hsymesca@github.com,Male,237.164.141.99
444,Hoyt,McTrustrie,hmctrustriecb@virginia.edu,Male,100.244.187.208
445,Ettie,Lourenco,elourencocc@wix.com,Female,242.229.4.127
446,Derek,Meffin,dmeffincd@quantcast.com,Male,47.249.230.108
447,Ceciley,Ughini,cughinice@godaddy.com,Female,143.217.104.249
448,Jaquelin,Harrald,jharraldcf@usgs.gov,Genderfluid,67.48.190.27
449,Karlis,Armstrong,karmstrongcg@newyorker.com,Male,220.65.76.1
450,Bobbie,O'Hederscoll,bohederscollch@newyorker.com,Genderfluid,50.182.244.6
451,Fiorenze,Andrieux,fandrieuxci@rediff.com,Female,20.172.59.199
452,Mikey,Cantwell,mcantwellcj@ucsd.edu,Male,15.15.60.172
453,Monroe,Schirok,mschirokck@youtube.com,Male,76.190.126.241
454,Erminie,Buxy,ebuxycl@cocolog-nifty.com,Female,92.190.92.66
455,Arlee,Penson,apensoncm@boston.com,Female,36.9.223.97
456,Angelo,Langstone,alangstonecn@pen.io,Male,231.42.11.131
457,Giorgia,Scawton,gscawtonco@imageshack.us,Female,158.245.227.13
458,Silva,Trevallion,strevallioncp@tmall.com,Female,77.118.16.91
459,Wheeler,Josephov,wjosephovcq@npr.org,Male,9.74.105.117
460,Harri,Towne,htownecr@ihg.com,Female,242.28.120.145
461,Carena,Dellenbrook,cdellenbrookcs@go.com,Female,229.107.56.66
462,Tristam,McNerlin,tmcnerlinct@t-online.de,Male,20.117.118.86
463,Bentlee,Ewart,bewartcu@home.pl,Male,37.68.196.98
464,Gallagher,Sanders,gsanderscv@ezinearticles.com,Male,232.148.22.222
465,Wilhelm,Dyche,wdychecw@telegraph.co.uk,Male,126.151.5.132
466,Conney,Judgkins,cjudgkinscx@nasa.gov,Male,201.255.175.33
467,Bridgette,Burdin,bburdincy@geocities.jp,Female,21.251.42.110
468,Elli,Padginton,epadgintoncz@nsw.gov.au,Female,76.167.112.183
469,Mariel,Paunton,mpauntond0@loc.gov,Female,125.226.188.32
470,Pietro,Zoellner,pzoellnerd1@bigcartel.com,Male,42.177.170.81
471,Lea,Charrett,lcharrettd2@about.com,Female,27.61.76.166
472,Seymour,Quincey,squinceyd3@scribd.com,Male,154.226.148.251
473,Buck,Hegel,bhegeld4@slashdot.org,Male,111.80.246.100
474,Brant,Howey,bhoweyd5@purevolume.com,Male,62.106.198.87
475,Henrietta,Dredge,hdredged6@virginia.edu,Female,132.11.91.0
476,Geri,Maryon,gmaryond7@vinaora.com,Male,63.79.44.42
477,Karoline,Jestico,kjesticod8@timesonline.co.uk,Female,123.202.156.127
478,Giffer,Abelwhite,gabelwhited9@wired.com,Male,148.182.129.232
479,Vikki,Ovitts,vovittsda@va.gov,Female,61.158.223.82
480,Cesare,Dossit,cdossitdb@princeton.edu,Male,78.23.198.61
481,Arvin,Kusick,akusickdc@sfgate.com,Male,107.171.31.97
482,Maurizio,Diggin,mdiggindd@usatoday.com,Male,222.188.225.122
483,Juana,Leebeter,jleebeterde@ycombinator.com,Female,247.221.161.5
484,Jeanna,Sanchez,jsanchezdf@xinhuanet.com,Female,87.113.140.107
485,Barbie,Beer,bbeerdg@addtoany.com,Polygender,180.53.207.215
486,Jodi,Roderham,jroderhamdh@cnbc.com,Female,73.59.192.112
487,Starla,Willder,swillderdi@merriam-webster.com,Genderfluid,158.60.34.88
488,Malvin,Samber,msamberdj@ucla.edu,Male,241.252.105.30
489,Jamaal,Broadfoot,jbroadfootdk@booking.com,Male,81.174.36.110
490,Bob,Plait,bplaitdl@smugmug.com,Male,35.85.79.91
491,Ronica,Garvie,rgarviedm@netvibes.com,Female,210.213.185.136
492,Laurianne,Billyeald,lbillyealddn@macromedia.com,Female,128.220.180.163
493,Roi,Clohisey,rclohiseydo@istockphoto.com,Male,9.251.152.125
494,Rolf,Vouls,rvoulsdp@ox.ac.uk,Male,189.108.68.168
495,Mikey,Dressell,mdresselldq@dyndns.org,Male,194.4.239.41
496,Luci,Gull,lgulldr@weibo.com,Female,105.181.51.231
497,Nickey,Franseco,nfransecods@rakuten.co.jp,Male,190.198.52.103
498,Shane,Rennox,srennoxdt@chicagotribune.com,Bigender,170.160.88.248
499,Ulysses,Tale,utaledu@vk.com,Genderqueer,162.141.118.7
500,Erminia,Critoph,ecritophdv@sun.com,Non-binary,74.35.159.206
501,Franciskus,Applewhite,fapplewhitedw@hc360.com,Male,76.89.33.17
502,North,Sextie,nsextiedx@jugem.jp,Male,118.43.65.198
503,Aguie,Adamiec,aadamiecdy@list-manage.com,Male,43.171.60.221
504,Emmit,Lyndon,elyndondz@webnode.com,Male,117.240.106.8
505,Adelaide,Eltune,aeltunee0@umn.edu,Female,245.185.137.122
506,Waring,Thumim,wthumime1@adobe.com,Male,131.201.107.169
507,Queenie,Hupka,qhupkae2@ucoz.com,Genderqueer,191.15.40.12
508,Robena,Feldklein,rfeldkleine3@indiatimes.com,Female,169.132.47.220
509,Morey,Woolard,mwoolarde4@clickbank.net,Male,224.57.24.180
510,Missy,Parratt,mparratte5@csmonitor.com,Female,171.21.111.184
511,Sibelle,Fountian,sfountiane6@indiegogo.com,Female,7.249.217.66
512,Sherry,Johnson,sjohnsone7@bizjournals.com,Female,174.210.36.51
513,Rosita,Brou,rbroue8@reference.com,Female,186.15.243.184
514,Talbot,Baldoni,tbaldonie9@businessinsider.com,Male,68.139.225.155
515,Noah,Marks,nmarksea@businesswire.com,Male,98.186.35.63
516,Elsy,Caswell,ecaswelleb@usatoday.com,Female,31.129.170.96
517,Amos,Slott,aslottec@usgs.gov,Male,218.227.73.115
518,Tomlin,Truin,ttruined@dyndns.org,Male,23.42.90.60
519,Roch,De Hoogh,rdehooghee@amazonaws.com,Female,45.54.34.139
520,Valli,Newbold,vnewboldef@newsvine.com,Female,194.50.4.246
521,Waiter,Willas,wwillaseg@dropbox.com,Male,187.120.81.224
522,Wynn,Younglove,wyoungloveeh@cnbc.com,Male,62.43.132.194
523,Maressa,Soulsby,msoulsbyei@free.fr,Female,128.31.96.12
524,Upton,Carolan,ucarolanej@cam.ac.uk,Male,136.174.225.254
525,Almeta,Colrein,acolreinek@skyrock.com,Female,209.9.119.200
526,Bridgette,Wasiela,bwasielael@plala.or.jp,Female,91.143.62.42
527,Rolf,Peyton,rpeytonem@admin.ch,Male,168.102.133.254
528,Jeramey,Widdowfield,jwiddowfielden@about.com,Male,255.166.112.154
529,Sebastian,Brewse,sbrewseeo@virginia.edu,Male,107.27.110.65
530,Brenn,Bence,bbenceep@php.net,Female,0.193.36.13
531,Charyl,Comiam,ccomiameq@arstechnica.com,Female,59.66.95.120
532,Ephrem,Varty,evartyer@vk.com,Male,31.146.210.166
533,Willard,Shewery,wsheweryes@archive.org,Male,63.147.3.225
534,Yardley,Pomroy,ypomroyet@github.com,Male,177.187.35.247
535,Brnaba,Petrak,bpetrakeu@moonfruit.com,Male,221.115.105.216
536,Leela,Esplin,lesplinev@imageshack.us,Female,197.204.69.3
537,Ivor,O'Hannay,iohannayew@rakuten.co.jp,Male,19.249.43.168
538,Brittni,Shelbourne,bshelbourneex@google.cn,Female,157.111.37.169
539,Ly,Pendrick,lpendrickey@china.com.cn,Male,36.192.180.26
540,Pascale,Edgworth,pedgworthez@businessweek.com,Male,155.131.40.127
541,Jennee,Poge,jpogef0@exblog.jp,Female,67.127.5.183
542,Agnes,Sleightholme,asleightholmef1@businessweek.com,Female,48.249.185.5
543,Derrick,Jillard,djillardf2@hibu.com,Male,217.130.59.92
544,Saundra,Shanklin,sshanklinf3@a8.net,Male,216.129.54.5
545,Stephenie,Maltby,smaltbyf4@smh.com.au,Female,4.40.157.108
546,Cally,Keggin,ckegginf5@apache.org,Bigender,123.23.100.136
547,Gusti,Waszczyk,gwaszczykf6@mapy.cz,Female,229.186.21.61
548,Hortensia,Trott,htrottf7@shop-pro.jp,Female,161.61.109.33
549,Delmer,Mantrup,dmantrupf8@mediafire.com,Male,234.129.189.229
550,Hephzibah,Rowney,hrowneyf9@diigo.com,Female,194.238.110.7
551,Austen,Cheine,acheinefa@fc2.com,Male,102.204.65.219
552,Ilise,McCaw,imccawfb@miitbeian.gov.cn,Female,104.23.223.45
553,Tripp,Gooble,tgooblefc@behance.net,Male,58.47.227.40
554,Freemon,Sircombe,fsircombefd@usatoday.com,Male,8.252.21.126
555,Linc,Crannell,lcrannellfe@pagesperso-orange.fr,Male,176.240.125.202
556,Guillaume,Strover,gstroverff@mlb.com,Male,46.195.190.176
557,Sheilah,Millard,smillardfg@odnoklassniki.ru,Female,88.145.252.36
558,Gerard,de Zamora,gdezamorafh@rambler.ru,Male,35.232.186.232
559,Nealy,Bestwall,nbestwallfi@ocn.ne.jp,Male,85.10.13.226
560,Gwyneth,Clemenza,gclemenzafj@mail.ru,Female,179.199.212.32
561,Babara,Rushworth,brushworthfk@guardian.co.uk,Female,156.101.59.88
562,Hannah,Digwood,hdigwoodfl@nifty.com,Female,106.135.139.55
563,Felix,Steade,fsteadefm@networksolutions.com,Male,54.142.196.51
564,Olivia,Winridge,owinridgefn@facebook.com,Female,23.44.9.34
565,Marianne,MacAnulty,mmacanultyfo@hhs.gov,Agender,230.42.152.59
566,Abel,Shickle,ashicklefp@patch.com,Male,157.112.9.33
567,Astrix,Burgill,aburgillfq@latimes.com,Female,122.45.212.22
568,Raf,Stetlye,rstetlyefr@sitemeter.com,Female,203.41.44.230
569,Berky,MacKeeg,bmackeegfs@fastcompany.com,Male,68.163.134.56
570,Rayna,O'Brallaghan,robrallaghanft@buzzfeed.com,Female,247.148.13.255
571,Keith,Jobey,kjobeyfu@naver.com,Genderfluid,19.244.150.111
572,Desiri,Jubb,djubbfv@google.ca,Female,142.236.114.111
573,Matthew,Richter,mrichterfw@wisc.edu,Male,253.37.239.247
574,Franklyn,Whitehair,fwhitehairfx@dot.gov,Male,226.199.183.66
575,Colet,Yanukhin,cyanukhinfy@arizona.edu,Male,226.119.218.18
576,Kelly,Luckin,kluckinfz@apache.org,Genderqueer,166.239.52.60
577,Alisa,Baser,abaserg0@wp.com,Female,73.155.65.64
578,Weber,Brunelli,wbrunellig1@economist.com,Genderfluid,116.125.213.18
579,Dorie,Cavill,dcavillg2@thetimes.co.uk,Female,47.197.254.41
580,Marya,Wieprecht,mwieprechtg3@netlog.com,Female,133.250.93.2
581,Britney,Dunnaway,bdunnawayg4@hp.com,Non-binary,57.10.83.118
582,Bendicty,Josifovitz,bjosifovitzg5@dyndns.org,Male,147.66.111.9
583,Boycey,Schimann,bschimanng6@ezinearticles.com,Male,143.249.65.169
584,Melesa,Beyne,mbeyneg7@opensource.org,Female,75.116.250.206
585,Beverie,Padula,bpadulag8@people.com.cn,Bigender,196.219.145.111
586,Boniface,Ferrarotti,bferrarottig9@ovh.net,Male,47.64.40.187
587,Mirna,Babst,mbabstga@macromedia.com,Female,111.199.216.63
588,Drew,Padell,dpadellgb@icq.com,Male,242.244.255.214
589,Wheeler,Pexton,wpextongc@freewebs.com,Male,217.173.125.180
590,Billi,Ruit,bruitgd@ovh.net,Female,187.96.157.91
591,Griffie,Bafford,gbaffordge@elegantthemes.com,Male,155.247.195.133
592,Hillel,Leighton,hleightongf@theatlantic.com,Male,191.26.51.225
593,Tricia,Tinan,ttinangg@netlog.com,Female,114.135.247.96
594,Davis,Slemming,dslemminggh@netlog.com,Male,185.238.186.64
595,Anatola,Rosel,aroselgi@smh.com.au,Female,212.59.158.175
596,Berton,O'Tuohy,botuohygj@vkontakte.ru,Agender,148.171.122.94
597,Niall,Amber,nambergk@chron.com,Male,172.186.201.119
598,Artemus,Matzeitis,amatzeitisgl@telegraph.co.uk,Male,191.14.237.117
599,Althea,Cockshot,acockshotgm@slate.com,Female,4.52.10.195
600,Farica,Baddam,fbaddamgn@census.gov,Female,214.147.205.221
601,Nariko,Bladon,nbladongo@amazonaws.com,Female,101.128.88.70
602,Grata,Reynold,greynoldgp@opensource.org,Female,250.137.146.185
603,Dania,Imm,dimmgq@shutterfly.com,Female,110.248.102.136
604,Herby,Astman,hastmangr@ameblo.jp,Male,153.161.62.21
605,Elisabet,Wathen,ewathengs@dmoz.org,Female,67.58.44.187
606,Steffane,Risen,srisengt@google.nl,Female,74.70.223.85
607,Ardyce,Snaddon,asnaddongu@symantec.com,Female,68.216.49.211
608,Antonietta,todor,atodorgv@yellowpages.com,Polygender,61.27.147.246
609,Fidelio,Torel,ftorelgw@cnet.com,Male,75.148.216.119
610,Artair,Chazerand,achazerandgx@amazon.co.jp,Male,91.242.130.97
611,Marcelia,Rembrant,mrembrantgy@blogger.com,Female,37.76.47.145
612,Duke,Pero,dperogz@bizjournals.com,Male,222.171.115.39
613,Dannie,Tommasetti,dtommasettih0@ucoz.com,Female,191.203.79.106
614,Ginny,Stroban,gstrobanh1@bbc.co.uk,Female,86.246.177.25
615,Charline,Fasson,cfassonh2@telegraph.co.uk,Female,53.201.93.212
616,Celestina,Sperwell,csperwellh3@lycos.com,Female,142.128.56.40
617,Demott,Adkin,dadkinh4@nba.com,Male,210.58.50.142
618,Hillier,Mandry,hmandryh5@nytimes.com,Male,233.156.87.105
619,Genni,Jesty,gjestyh6@ask.com,Agender,203.65.21.76
620,Theadora,De Bruyn,tdebruynh7@bigcartel.com,Female,99.144.106.163
621,Farleigh,Hilley,fhilleyh8@newsvine.com,Male,105.217.131.4
622,Kellen,Poter,kpoterh9@ted.com,Male,162.188.130.185
623,Worth,Druce,wdruceha@51.la,Male,8.109.13.229
624,Kareem,Raggitt,kraggitthb@zimbio.com,Male,7.118.231.101
625,Kelvin,Boone,kboonehc@bloglines.com,Male,235.117.27.97
626,Annie,Kirtlan,akirtlanhd@ask.com,Female,43.150.74.233
627,Katina,Lile,klilehe@mapy.cz,Female,214.171.228.112
628,Kai,Grevel,kgrevelhf@taobao.com,Female,114.6.251.4
629,Dukie,Metherell,dmetherellhg@51.la,Male,215.80.71.67
630,Vinita,Shord,vshordhh@mysql.com,Genderfluid,42.20.21.45
631,Charo,Durran,cdurranhi@plala.or.jp,Female,183.35.37.152
632,Kelcey,Reddyhoff,kreddyhoffhj@psu.edu,Female,237.20.218.237
633,Dominik,McTaggart,dmctaggarthk@whitehouse.gov,Male,0.186.76.150
634,Gretel,Fouracre,gfouracrehl@chicagotribune.com,Genderqueer,79.239.70.190
635,Rhonda,Wateridge,rwateridgehm@cpanel.net,Female,112.90.248.185
636,Antonella,O'Halloran,aohalloranhn@cnn.com,Female,26.138.225.226
637,Israel,Hoyte,ihoyteho@google.com.hk,Male,58.158.234.123
638,Emlyn,Mundow,emundowhp@reverbnation.com,Female,194.176.14.80
639,Sidonnie,Uren,surenhq@wisc.edu,Genderfluid,195.64.71.152
640,Hyacinthe,Turmall,hturmallhr@wisc.edu,Female,188.58.219.191
641,Ermin,Bromont,ebromonths@plala.or.jp,Male,54.197.195.226
642,Kimbra,Angerstein,kangersteinht@accuweather.com,Female,46.172.193.138
643,Woody,Genney,wgenneyhu@goo.gl,Male,12.163.162.110
644,Peyton,Hrinchishin,phrinchishinhv@parallels.com,Male,146.150.4.16
645,Jenilee,Halifax,jhalifaxhw@webeden.co.uk,Female,116.34.155.41
646,Ara,Dell'Abbate,adellabbatehx@bloomberg.com,Female,150.64.112.82
647,Harmon,Iskow,hiskowhy@jigsy.com,Genderfluid,233.186.128.176
648,Lyda,Missington,lmissingtonhz@dion.ne.jp,Female,203.164.139.118
649,Suzi,Ralestone,sralestonei0@meetup.com,Female,228.124.2.217
650,Corabel,Stanistrete,cstanistretei1@hexun.com,Female,38.91.158.58
651,Farand,Eacle,feaclei2@pbs.org,Agender,190.71.241.207
652,Ewart,Huriche,ehurichei3@yandex.ru,Agender,233.206.213.236
653,Odie,Colgrave,ocolgravei4@cbc.ca,Male,184.124.209.62
654,Perle,Tibbits,ptibbitsi5@ask.com,Female,67.206.128.149
655,Tabitha,Hendrich,thendrichi6@dion.ne.jp,Female,7.110.94.145
656,Lindsey,Brough,lbroughi7@whitehouse.gov,Female,226.139.209.92
657,Leoine,Semonin,lsemonini8@gnu.org,Female,53.6.226.233
658,Floris,Haitlie,fhaitliei9@phoca.cz,Agender,204.59.58.214
659,Neils,Pedlow,npedlowia@xing.com,Male,255.125.91.51
660,Melanie,Nern,mnernib@amazon.co.jp,Female,55.31.134.191
661,Giffard,Shelton,gsheltonic@miibeian.gov.cn,Male,124.102.177.161
662,Rivy,Manson,rmansonid@cmu.edu,Female,59.205.147.166
663,Benoit,Lukash,blukashie@about.com,Male,192.148.120.30
664,Alysia,De Castri,adecastriif@issuu.com,Female,109.115.150.10
665,Herc,Pepall,hpepallig@yolasite.com,Male,204.159.185.57
666,Eustace,Fancourt,efancourtih@ustream.tv,Male,141.102.30.82
667,Filippo,Reidie,freidieii@economist.com,Male,132.207.17.53
668,Bunnie,Ommanney,bommanneyij@deliciousdays.com,Female,37.148.234.136
669,Gene,Enocksson,genockssonik@biblegateway.com,Polygender,149.142.49.181
670,Scotty,Nevet,snevetil@histats.com,Male,180.44.55.241
671,Elsa,Jewson,ejewsonim@icq.com,Female,232.132.33.132
672,Parrnell,Scotfurth,pscotfurthin@japanpost.jp,Male,120.105.10.68
673,Anastassia,La Wille,alawilleio@china.com.cn,Female,181.18.135.147
674,Kile,Cullagh,kcullaghip@guardian.co.uk,Male,230.233.246.58
675,Toma,Phinnis,tphinnisiq@fotki.com,Polygender,177.95.205.106
676,Carmelina,Weatherby,cweatherbyir@studiopress.com,Female,239.177.244.65
677,Martie,Marjoram,mmarjoramis@ucoz.com,Female,231.105.35.123
678,Cordey,Britten,cbrittenit@dagondesign.com,Female,207.214.83.87
679,Ranice,Farnon,rfarnoniu@tinyurl.com,Female,113.21.115.178
680,Bil,Wingeatt,bwingeattiv@auda.org.au,Male,14.30.156.109
681,Lissa,Meiklem,lmeiklemiw@weather.com,Female,43.133.50.137
682,Eadie,Bullivent,ebulliventix@photobucket.com,Female,41.87.140.217
683,Marv,Arrandale,marrandaleiy@flickr.com,Male,106.53.71.162
684,Raquela,Shackesby,rshackesbyiz@apache.org,Genderfluid,36.138.208.134
685,Deane,Brimblecomb,dbrimblecombj0@cbsnews.com,Male,112.35.177.69
686,Bourke,Boscher,bboscherj1@statcounter.com,Male,132.188.234.177
687,Tobie,Breslauer,tbreslauerj2@springer.com,Male,77.239.15.172
688,Aldin,Macguire,amacguirej3@tripod.com,Male,248.85.231.203
689,Tiler,Wickens,twickensj4@hao123.com,Male,148.79.121.80
690,Theo,Gellion,tgellionj5@ft.com,Male,49.85.232.98
691,Pietrek,Coucher,pcoucherj6@opera.com,Male,83.53.101.26
692,Hollyanne,Roscamp,hroscampj7@typepad.com,Female,14.46.64.111
693,Maureen,Cocke,mcockej8@sohu.com,Female,5.84.178.44
694,Fionnula,Juste,fjustej9@cafepress.com,Female,137.0.112.139
695,Brandon,McGinney,bmcginneyja@virginia.edu,Male,74.114.232.221
696,Katlin,St Ange,kstangejb@blogger.com,Female,85.234.116.230
697,Butch,Postins,bpostinsjc@go.com,Male,85.241.39.97
698,Cami,Lutsch,clutschjd@mapquest.com,Female,177.38.80.142
699,Johanna,Roder,jroderje@meetup.com,Female,45.206.154.134
700,Erhard,Luchetti,eluchettijf@storify.com,Male,58.177.226.152
701,Filberte,Northall,fnorthalljg@noaa.gov,Male,228.64.183.142
702,Eulalie,Ceschi,eceschijh@pen.io,Female,240.106.192.36
703,Donia,Bestiman,dbestimanji@wikispaces.com,Female,8.180.235.201
704,Corby,Jacqueme,cjacquemejj@zimbio.com,Male,182.49.165.196
705,Frederica,Tireman,ftiremanjk@intel.com,Female,42.96.180.249
706,Dom,Mallinar,dmallinarjl@symantec.com,Male,142.147.199.53
707,Rhys,Sharrocks,rsharrocksjm@nhs.uk,Male,192.161.131.184
708,Earl,Garlic,egarlicjn@xing.com,Male,161.32.48.128
709,Caralie,Spehr,cspehrjo@mozilla.org,Female,100.248.142.90
710,Aile,Skiggs,askiggsjp@adobe.com,Female,214.254.66.91
711,Aluin,Wathell,awathelljq@usatoday.com,Male,202.191.190.75
712,Dov,Bridgland,dbridglandjr@marketwatch.com,Male,51.210.94.98
713,Liana,Carous,lcarousjs@nbcnews.com,Female,19.35.64.192
714,Nanci,Nehlsen,nnehlsenjt@japanpost.jp,Female,56.126.252.69
715,Marrissa,Harbisher,mharbisherju@bizjournals.com,Female,114.221.214.109
716,Reyna,Southerden,rsoutherdenjv@fema.gov,Female,255.72.193.234
717,Vi,Bengtsson,vbengtssonjw@goo.gl,Female,237.204.116.134
718,Ignatius,Misken,imiskenjx@pcworld.com,Male,106.24.90.23
719,Desmond,Veryard,dveryardjy@google.cn,Male,249.148.30.216
720,Marvin,Leyson,mleysonjz@tmall.com,Genderfluid,171.234.82.204
721,Chrisse,Parrett,cparrettk0@cam.ac.uk,Male,228.36.166.215
722,Virgina,Deesly,vdeeslyk1@usgs.gov,Female,109.249.75.47
723,Farrel,Wais,fwaisk2@xing.com,Male,5.128.185.116
724,Robinia,Yandell,ryandellk3@wufoo.com,Female,166.40.176.50
725,Rouvin,Ruhben,rruhbenk4@yellowbook.com,Male,12.223.80.147
726,Winfred,Haggith,whaggithk5@mlb.com,Male,99.48.20.110
727,Gerianne,Sapena,gsapenak6@freewebs.com,Polygender,131.153.240.32
728,Jacintha,Rabson,jrabsonk7@sciencedaily.com,Non-binary,137.83.60.211
729,Lynett,Cromblehome,lcromblehomek8@cocolog-nifty.com,Female,240.239.255.7
730,Lucio,Gildersleaves,lgildersleavesk9@chron.com,Male,13.128.45.77
731,Elana,Dwine,edwineka@deliciousdays.com,Female,136.213.75.93
732,Kevin,Lacelett,klacelettkb@businessinsider.com,Male,58.42.37.154
733,Brenda,Petherick,bpetherickkc@51.la,Female,148.248.135.144
734,Burlie,Friar,bfriarkd@yellowbook.com,Agender,99.2.9.96
735,Deanne,Wilby,dwilbyke@elegantthemes.com,Female,185.238.79.164
736,Erik,Dutchburn,edutchburnkf@ft.com,Male,106.148.27.244
737,Carey,Gergolet,cgergoletkg@about.me,Non-binary,150.162.198.124
738,Timmie,Boase,tboasekh@google.co.uk,Male,96.23.120.244
739,Gaby,Beagin,gbeaginki@techcrunch.com,Female,215.122.52.220
740,Teodoro,Hammerman,thammermankj@godaddy.com,Male,201.32.189.47
741,Sherilyn,Remer,sremerkk@sciencedaily.com,Genderfluid,220.57.35.70
742,Alissa,Weldrick,aweldrickkl@ox.ac.uk,Female,30.215.228.193
743,Stormi,Albery,salberykm@ocn.ne.jp,Agender,119.169.216.223
744,Emogene,Rizzotto,erizzottokn@kickstarter.com,Female,146.239.247.146
745,Cam,Casserley,ccasserleyko@merriam-webster.com,Male,210.165.92.87
746,Janine,Beecroft,jbeecroftkp@microsoft.com,Female,253.108.13.231
747,Rikki,Bellelli,rbellellikq@icq.com,Male,146.226.43.117
748,Tiebout,Canfer,tcanferkr@friendfeed.com,Male,43.21.164.109
749,Pru,Kinforth,pkinforthks@aboutads.info,Genderqueer,197.221.31.196
750,Audy,Hammett,ahammettkt@ibm.com,Female,181.87.182.190
751,Catlee,Wilflinger,cwilflingerku@google.it,Female,106.239.111.58
752,Chickie,Whorton,cwhortonkv@ftc.gov,Female,100.247.241.20
753,Ernestine,Magowan,emagowankw@reuters.com,Female,34.163.242.147
754,Ursola,Syncke,usynckekx@eepurl.com,Female,227.204.60.156
755,Bennie,Hingeley,bhingeleyky@freewebs.com,Female,159.84.31.209
756,Rhoda,Liffe,rliffekz@homestead.com,Female,245.215.15.4
757,Nadine,Jubb,njubbl0@pagesperso-orange.fr,Female,46.11.106.111
758,Justino,Handlin,jhandlinl1@google.com.au,Male,215.89.249.155
759,Fiann,Mellor,fmellorl2@smh.com.au,Female,21.58.173.2
760,Alister,Gourley,agourleyl3@1688.com,Male,252.254.4.157
761,Fulvia,Aggott,faggottl4@spiegel.de,Female,128.29.184.206
762,Harwilll,Doy,hdoyl5@seesaa.net,Male,15.150.132.252
763,Chrystal,Garrod,cgarrodl6@google.pl,Female,68.123.208.126
764,Marvin,Dorkin,mdorkinl7@time.com,Male,138.120.180.176
765,Ivor,Godmar,igodmarl8@delicious.com,Genderqueer,47.98.111.192
766,Kev,Fullerd,kfullerdl9@freewebs.com,Male,2.201.54.90
767,Fransisco,Elie,feliela@cbslocal.com,Male,196.182.74.140
768,Consolata,Cannings,ccanningslb@arizona.edu,Female,45.71.4.180
769,Sean,Tille,stillelc@ifeng.com,Male,6.60.155.139
770,Moses,Gartrell,mgartrellld@taobao.com,Male,102.237.226.199
771,Esmeralda,Drepp,edrepple@facebook.com,Female,246.163.61.81
772,Tori,Narducci,tnarduccilf@sourceforge.net,Female,64.105.168.9
773,Berte,Dyte,bdytelg@sphinn.com,Female,125.180.45.30
774,Danya,Mealing,dmealinglh@wordpress.org,Female,222.124.219.54
775,Alric,Loughney,aloughneyli@goo.ne.jp,Male,146.34.197.82
776,Justus,Woolager,jwoolagerlj@mozilla.org,Male,207.76.119.89
777,Dory,Bubbear,dbubbearlk@odnoklassniki.ru,Male,142.255.160.80
778,Fancy,Olenchenko,folenchenkoll@businessinsider.com,Female,254.165.234.26
779,Felicio,Gatesman,fgatesmanlm@guardian.co.uk,Male,115.168.100.76
780,Heida,Iglesias,higlesiasln@homestead.com,Female,154.99.204.5
781,Fanchette,Ealles,fealleslo@techcrunch.com,Female,172.46.174.253
782,Dyane,Harrema,dharremalp@alibaba.com,Female,219.182.213.172
783,Peterus,Cradduck,pcradducklq@cyberchimps.com,Male,8.126.208.210
784,Zebedee,Broderick,zbrodericklr@wikia.com,Male,66.222.82.7
785,Oswald,Heliar,oheliarls@ucoz.com,Male,131.76.163.121
786,Marion,Dudgeon,mdudgeonlt@msu.edu,Male,51.224.0.241
787,Neda,Wyche,nwychelu@deviantart.com,Female,210.25.22.158
788,Josephina,Winsborrow,jwinsborrowlv@theatlantic.com,Female,83.167.87.25
789,Alexandrina,Richardet,arichardetlw@nydailynews.com,Female,123.93.92.75
790,Anselm,Dakers,adakerslx@flavors.me,Male,56.137.89.242
791,Jamaal,Dalmon,jdalmonly@typepad.com,Male,178.160.188.115
792,Domeniga,Hacker,dhackerlz@toplist.cz,Female,72.172.198.126
793,Seamus,Fenty,sfentym0@naver.com,Male,18.148.238.16
794,Albina,Boulter,aboulterm1@senate.gov,Female,28.86.21.22
795,Amabelle,Llewelyn,allewelynm2@blogs.com,Female,63.50.152.243
796,Fanya,Bramsom,fbramsomm3@wufoo.com,Female,137.51.53.19
797,Linette,Petz,lpetzm4@lulu.com,Female,164.158.53.180
798,Karlene,Sindall,ksindallm5@mapquest.com,Female,155.70.121.173
799,Pedro,Bader,pbaderm6@photobucket.com,Male,45.37.26.207
800,Erv,Scamal,escamalm7@hao123.com,Male,5.197.137.182
801,Berri,Brixey,bbrixeym8@desdev.cn,Female,127.78.205.196
802,Willdon,Hutable,whutablem9@upenn.edu,Male,153.118.218.50
803,Jess,Beseke,jbesekema@newsvine.com,Male,104.173.77.7
804,Ardyce,Wahner,awahnermb@paginegialle.it,Polygender,129.224.212.75
805,Taddeo,Zolini,tzolinimc@economist.com,Male,132.15.241.90
806,Renaldo,Glyde,rglydemd@rambler.ru,Male,71.73.0.72
807,Sharla,Naughton,snaughtonme@qq.com,Female,72.99.164.247
808,Korie,Winterson,kwintersonmf@census.gov,Female,206.122.83.67
809,Dare,Pirri,dpirrimg@smh.com.au,Male,10.55.224.179
810,Madeline,Haddick,mhaddickmh@bloomberg.com,Female,137.78.106.247
811,Clemens,Michelotti,cmichelottimi@state.gov,Male,177.5.192.240
812,Finn,Scouler,fscoulermj@dyndns.org,Male,146.70.80.206
813,Sly,Exton,sextonmk@vk.com,Male,56.245.137.219
814,Ollie,Galego,ogalegoml@buzzfeed.com,Female,220.156.104.106
815,Gustave,Skeene,gskeenemm@nih.gov,Male,208.254.87.51
816,Fancy,Loughman,floughmanmn@msn.com,Female,164.218.120.126
817,Domenic,Cranston,dcranstonmo@goo.ne.jp,Male,96.198.196.104
818,Beatrisa,Symmons,bsymmonsmp@hostgator.com,Female,146.231.177.229
819,Lydon,O'Hanley,lohanleymq@lycos.com,Male,123.123.126.220
820,Sallee,Boynton,sboyntonmr@nymag.com,Female,1.24.8.148
821,Herc,Selvester,hselvesterms@geocities.com,Male,226.237.41.118
822,Emmet,Huegett,ehuegettmt@histats.com,Genderqueer,48.211.196.28
823,Ingeberg,Disley,idisleymu@slashdot.org,Female,204.239.77.211
824,Terra,Fasset,tfassetmv@creativecommons.org,Female,198.194.187.246
825,Veronique,Abramson,vabramsonmw@statcounter.com,Bigender,34.107.241.161
826,Mandie,Goning,mgoningmx@ask.com,Female,110.220.59.45
827,Nolan,Champain,nchampainmy@macromedia.com,Male,176.188.43.121
828,Huntley,Jendrys,hjendrysmz@wordpress.org,Male,151.135.74.30
829,Heath,Heliot,hheliotn0@myspace.com,Female,227.210.146.214
830,Jervis,Petkov,jpetkovn1@trellian.com,Male,236.43.158.172
831,Vivia,Sommerling,vsommerlingn2@hud.gov,Female,119.26.181.194
832,Gnni,Taunton.,gtauntonn3@globo.com,Female,191.156.151.90
833,Brigida,Martygin,bmartyginn4@harvard.edu,Female,55.48.108.206
834,Anette,Hubbucks,ahubbucksn5@nyu.edu,Female,90.15.222.60
835,Arney,Wainscoat,awainscoatn6@ustream.tv,Male,226.236.225.202
836,Swen,Coole,scoolen7@tuttocitta.it,Male,17.62.109.206
837,Alfonso,Dumbelton,adumbeltonn8@mlb.com,Male,9.187.93.49
838,Darrell,McIlwrick,dmcilwrickn9@networkadvertising.org,Male,234.82.117.53
839,Modesty,Garner,mgarnerna@timesonline.co.uk,Female,30.243.12.44
840,Steven,Noods,snoodsnb@flickr.com,Male,20.136.193.202
841,Essy,Bineham,ebinehamnc@utexas.edu,Female,163.146.202.194
842,Genni,Lutas,glutasnd@shop-pro.jp,Female,18.127.211.128
843,Mischa,Lechelle,mlechellene@java.com,Male,227.90.94.203
844,Ly,Clearley,lclearleynf@furl.net,Male,144.199.134.58
845,Rafaello,Iwanczyk,riwanczykng@taobao.com,Male,1.213.7.242
846,Odo,Westhead,owestheadnh@about.com,Male,219.77.11.36
847,Cornie,Parrington,cparringtonni@prnewswire.com,Female,212.232.31.67
848,Elia,Cardenosa,ecardenosanj@usgs.gov,Male,172.233.121.230
849,Evita,Schultze,eschultzenk@sina.com.cn,Female,153.234.108.163
850,Shanon,Twyford,stwyfordnl@google.fr,Female,58.35.146.62
851,Nevins,Lafond,nlafondnm@reference.com,Male,96.247.66.79
852,Lindy,Prettejohns,lprettejohnsnn@cornell.edu,Female,129.66.118.62
853,Frazer,Pickthorn,fpickthornno@sakura.ne.jp,Male,119.249.66.114
854,Nancey,Aime,naimenp@fda.gov,Female,57.130.111.202
855,Mindy,Twiddle,mtwiddlenq@tamu.edu,Female,176.160.27.92
856,Nester,Richardot,nrichardotnr@wunderground.com,Male,80.204.166.183
857,Collin,Swallwell,cswallwellns@npr.org,Male,239.181.56.29
858,Farris,Clemendet,fclemendetnt@wunderground.com,Male,211.250.53.26
859,Kristal,Criag,kcriagnu@icio.us,Female,108.61.102.79
860,Sibbie,Warrick,swarricknv@shutterfly.com,Female,97.92.66.30
861,Collen,Diggar,cdiggarnw@freewebs.com,Female,130.121.130.191
862,Brittani,Panks,bpanksnx@booking.com,Female,218.167.255.234
863,Neddy,Shah,nshahny@umich.edu,Male,161.16.171.80
864,Sayer,Bride,sbridenz@vimeo.com,Male,104.84.47.186
865,Menard,Asplen,maspleno0@sina.com.cn,Male,123.113.25.236
866,Jobie,Thursby,jthursbyo1@indiegogo.com,Female,188.212.182.213
867,Hakim,Bratley,hbratleyo2@nhs.uk,Male,130.17.106.84
868,Inessa,Wycherley,iwycherleyo3@mit.edu,Female,13.3.211.120
869,Rodie,Blaksland,rblakslando4@skyrock.com,Female,255.238.62.110
870,Zenia,Cariss,zcarisso5@github.io,Female,136.87.157.72
871,Emmalee,Sydney,esydneyo6@slate.com,Female,216.46.226.40
872,Dasha,Luciani,dlucianio7@admin.ch,Bigender,62.121.116.65
873,Dennet,Kebbell,dkebbello8@buzzfeed.com,Male,53.233.143.41
874,Lolita,Bramsom,lbramsomo9@qq.com,Female,45.241.36.58
875,Clarita,McGeraghty,cmcgeraghtyoa@virginia.edu,Female,253.0.54.53
876,Arin,Guiu,aguiuob@ucoz.ru,Male,93.8.216.122
877,Carena,Hickeringill,chickeringilloc@buzzfeed.com,Female,193.154.89.225
878,Alberta,Hallmark,ahallmarkod@tinypic.com,Female,135.171.212.213
879,Ailsun,Valiant,avaliantoe@skyrock.com,Female,120.235.137.169
880,Kathryne,Helbeck,khelbeckof@over-blog.com,Female,124.64.148.217
881,Gerladina,Busch,gbuschog@reddit.com,Female,254.199.191.158
882,Bernarr,Clymer,bclymeroh@cyberchimps.com,Male,42.65.98.114
883,Dannie,Cossar,dcossaroi@phpbb.com,Female,89.150.5.41
884,Moise,Neill,mneilloj@dot.gov,Male,115.190.18.136
885,Tymothy,Dyball,tdyballok@google.com,Male,242.28.226.163
886,Bronnie,Laydel,blaydelol@jalbum.net,Male,137.9.131.137
887,Welsh,Letten,wlettenom@t-online.de,Male,151.222.72.174
888,Loree,Clemmensen,lclemmensenon@liveinternet.ru,Female,93.145.49.98
889,Alden,Featherstone,afeatherstoneoo@hatena.ne.jp,Male,239.133.15.56
890,Dolph,Gabel,dgabelop@yellowbook.com,Male,155.30.195.70
891,Shalom,Igoe,sigoeoq@bbb.org,Male,64.131.103.145
892,Walden,Fouldes,wfouldesor@wix.com,Male,81.58.195.65
893,Odo,Fenkel,ofenkelos@discuz.net,Male,201.245.103.2
894,Brannon,Etches,betchesot@google.com,Male,195.69.86.156
895,Gayle,Beebe,gbeebeou@odnoklassniki.ru,Genderqueer,247.7.164.184
896,Ailsun,Lathy,alathyov@squidoo.com,Female,118.68.190.163
897,Constancy,Sherbourne,csherbourneow@independent.co.uk,Female,51.68.180.253
898,Laetitia,Aspland,lasplandox@google.com.hk,Female,172.17.25.245
899,Vincenz,Trees,vtreesoy@etsy.com,Male,53.1.46.147
900,Rance,Arundel,rarundeloz@flavors.me,Male,25.177.39.99
901,Filip,Geeson,fgeesonp0@geocities.com,Male,78.218.224.1
902,Etty,Sager,esagerp1@list-manage.com,Female,94.220.126.170
903,Berton,Witts,bwittsp2@google.cn,Male,255.203.60.19
904,Nomi,Manz,nmanzp3@friendfeed.com,Non-binary,217.59.96.11
905,Suzette,Gladman,sgladmanp4@woothemes.com,Female,1.231.157.207
906,Edgard,Karolowski,ekarolowskip5@newyorker.com,Male,153.233.53.64
907,Chaunce,Wipfler,cwipflerp6@goodreads.com,Male,206.143.86.51
908,Yard,Fleming,yflemingp7@nydailynews.com,Male,169.237.189.227
909,Dag,Pestricke,dpestrickep8@irs.gov,Male,35.141.205.77
910,Irwinn,Hargreves,ihargrevesp9@constantcontact.com,Male,77.248.210.198
911,Avie,Laydon,alaydonpa@booking.com,Female,174.138.12.250
912,Rolf,Janicki,rjanickipb@desdev.cn,Male,42.2.225.15
913,Tibold,Slym,tslympc@360.cn,Male,95.63.244.252
914,Bartholomeo,Nibley,bnibleypd@ftc.gov,Male,204.85.208.115
915,Adrian,Ledrane,aledranepe@uiuc.edu,Male,65.183.191.95
916,Beaufort,Sjostrom,bsjostrompf@answers.com,Male,55.249.240.251
917,Arlee,Weiner,aweinerpg@taobao.com,Female,36.191.165.255
918,Garold,Ainley,gainleyph@smugmug.com,Male,180.122.245.157
919,Gustavo,Comerford,gcomerfordpi@wisc.edu,Male,81.94.249.52
920,Welby,Matisoff,wmatisoffpj@alexa.com,Male,19.59.115.79
921,Jacklin,Resdale,jresdalepk@wsj.com,Female,210.158.92.149
922,Theresita,Lumbley,tlumbleypl@imdb.com,Female,85.52.246.197
923,Winny,Reston,wrestonpm@cpanel.net,Male,216.147.25.216
924,Lizabeth,Abbess,labbesspn@cam.ac.uk,Polygender,115.16.71.212
925,Madel,O'Kenny,mokennypo@google.pl,Female,134.165.44.80
926,Persis,Glew,pglewpp@berkeley.edu,Female,173.154.218.149
927,Kienan,Tofful,ktoffulpq@unesco.org,Male,147.38.212.208
928,Hilton,Cuxson,hcuxsonpr@so-net.ne.jp,Male,31.235.66.164
929,Tonie,Ebsworth,tebsworthps@epa.gov,Female,246.30.188.134
930,Joanna,Imlacke,jimlackept@e-recht24.de,Female,233.120.84.244
931,Neddie,Munnis,nmunnispu@sun.com,Male,211.2.193.242
932,Olin,Bett,obettpv@mozilla.com,Male,218.101.17.228
933,Ariana,Osant,aosantpw@hc360.com,Female,164.160.81.136
934,Teri,Stearn,tstearnpx@bloglines.com,Female,100.48.100.148
935,Mario,Jery,mjerypy@live.com,Male,40.137.172.4
936,Kala,McMennum,kmcmennumpz@posterous.com,Female,97.204.59.57
937,Gert,Portwaine,gportwaineq0@tiny.cc,Female,77.184.217.31
938,Jerrie,Durling,jdurlingq1@dion.ne.jp,Female,200.56.184.159
939,Prince,Sillars,psillarsq2@t.co,Male,170.184.193.79
940,Alon,Kingswoode,akingswoodeq3@sakura.ne.jp,Male,251.11.164.68
941,Jedediah,Sutliff,jsutliffq4@epa.gov,Male,43.136.96.94
942,Candis,Laughlin,claughlinq5@exblog.jp,Female,71.118.75.134
943,Ibrahim,Jurkowski,ijurkowskiq6@wired.com,Male,0.111.143.245
944,Ebeneser,Orsi,eorsiq7@imgur.com,Male,180.77.151.85
945,Gawen,Lapthorn,glapthornq8@joomla.org,Male,22.215.122.222
946,Yankee,Cafferty,ycaffertyq9@slate.com,Male,58.211.213.102
947,Christabel,Killwick,ckillwickqa@dyndns.org,Female,36.245.194.147
948,Anabel,Fer,aferqb@pbs.org,Female,171.25.231.203
949,Rora,Hardaker,rhardakerqc@google.nl,Female,239.82.150.29
950,Rea,Islip,rislipqd@ted.com,Female,48.197.221.22
951,Corbin,Dinwoodie,cdinwoodieqe@a8.net,Male,171.207.107.32
952,Lorelle,Paridge,lparidgeqf@nydailynews.com,Female,63.196.121.117
953,Paxton,Dadge,pdadgeqg@jiathis.com,Male,28.151.79.99
954,Ophelia,Percival,opercivalqh@cisco.com,Female,182.217.48.106
955,Jase,Paget,jpagetqi@blogspot.com,Male,12.145.20.16
956,Cort,Sharnock,csharnockqj@patch.com,Male,9.47.181.172
957,Kay,Dunnet,kdunnetqk@bloglovin.com,Female,16.44.70.119
958,Sanson,Swinnerton,sswinnertonql@usatoday.com,Male,173.228.51.107
959,Leland,Mattia,lmattiaqm@gov.uk,Female,47.221.75.62
960,Kristy,Caudrey,kcaudreyqn@google.com.br,Female,122.237.75.241
961,Alonso,Brownscombe,abrownscombeqo@joomla.org,Polygender,94.73.127.153
962,Alford,Hillyatt,ahillyattqp@scientificamerican.com,Non-binary,183.9.122.197
963,Red,Edmott,redmottqq@seesaa.net,Male,125.133.17.227
964,Woody,McOwen,wmcowenqr@nba.com,Male,53.13.153.172
965,Tobin,Flamank,tflamankqs@webnode.com,Male,151.173.228.192
966,Marlene,Jolliff,mjolliffqt@reddit.com,Female,160.158.155.43
967,Reine,Dradey,rdradeyqu@webs.com,Female,87.241.65.61
968,Miles,Selway,mselwayqv@yale.edu,Male,166.89.116.77
969,Marcie,Zanazzi,mzanazziqw@dropbox.com,Female,44.63.178.169
970,Damien,Shildrick,dshildrickqx@edublogs.org,Male,70.36.39.5
971,Lexis,Brickdale,lbrickdaleqy@chicagotribune.com,Female,86.214.109.132
972,Shane,Gredden,sgreddenqz@blogs.com,Male,158.236.124.78
973,Halsy,Hackford,hhackfordr0@hhs.gov,Male,217.103.39.60
974,Peggi,Stanway,pstanwayr1@goo.ne.jp,Female,96.134.230.181
975,Gaelan,Dadd,gdaddr2@deliciousdays.com,Male,169.193.66.230
976,Lev,Frizell,lfrizellr3@ifeng.com,Male,53.107.42.212
977,Cristen,Bateman,cbatemanr4@weebly.com,Female,194.29.139.107
978,Neille,Blankett,nblankettr5@sphinn.com,Genderqueer,134.55.79.76
979,Amalie,Whittle,awhittler6@homestead.com,Female,221.222.161.154
980,Laura,Alders,laldersr7@github.com,Female,190.142.40.46
981,Moselle,Duprey,mdupreyr8@creativecommons.org,Female,196.174.113.167
982,Delainey,Clothier,dclothierr9@oracle.com,Male,3.5.64.144
983,Peggie,Dyster,pdysterra@plala.or.jp,Female,172.11.252.128
984,Ros,Troctor,rtroctorrb@yale.edu,Female,92.110.41.61
985,Thekla,Kupka,tkupkarc@salon.com,Female,119.152.148.33
986,Phylys,Peachey,ppeacheyrd@bizjournals.com,Female,45.89.113.174
987,Dode,MacLachlan,dmaclachlanre@goo.ne.jp,Female,60.186.144.74
988,Haley,Nolan,hnolanrf@purevolume.com,Male,103.168.122.211
989,Norah,Hearnden,nhearndenrg@umich.edu,Female,247.2.158.12
990,Lauren,Jacquot,ljacquotrh@msu.edu,Male,214.58.106.226
991,Rozalin,Grafom,rgrafomri@ning.com,Female,245.204.96.51
992,Hewett,Possel,hposselrj@vistaprint.com,Non-binary,246.183.17.239
993,Taffy,Ram,tramrk@usgs.gov,Genderfluid,210.22.221.157
994,Coleen,Beddie,cbeddierl@comsenz.com,Female,58.100.43.158
995,Tanitansy,Grimm,tgrimmrm@vistaprint.com,Female,138.158.171.180
996,Silvana,Curtiss,scurtissrn@msn.com,Female,110.140.93.172
997,Leesa,Franklyn,lfranklynro@jigsy.com,Female,31.25.237.8
998,Reba,Davey,rdaveyrp@amazon.co.uk,Genderfluid,4.223.14.0
999,Nikoletta,Lagne,nlagnerq@shinystat.com,Female,76.181.6.230
1000,Lory,Goodley,lgoodleyrr@globo.com,Female,127.79.102.47
