id,first_name,last_name,email,gender,ip_address,birth_date
1,Berrie,Hearse,bhearse0@mysql.com,Female,21.121.104.215,1992-02-26
2,Crosby,De la Barre,cdelabarre1@omniture.com,Male,169.154.45.49,1996-04-14
3,Friederike,Goodge,fgoodge2@uiuc.edu,Female,175.246.30.44,1992-06-05
4,Levin,Martel,lmartel3@artisteer.com,Male,160.95.124.234,1998-04-19
5,Jorgan,McNickle,jmcnickle4@imgur.com,Male,185.35.150.35,2000-04-07
6,Jareb,Leask,jleask5@free.fr,Male,95.13.19.89,2000-01-29
7,Nickolaus,Dwelly,ndwelly6@icio.us,Male,161.245.87.70,1993-04-04
8,Florian,Muggeridge,fmuggeridge7@deviantart.com,Male,100.76.140.242,1996-08-20
9,Annaliese,Mongenot,amongenot8@wikia.com,Female,224.233.195.200,1997-09-12
10,Addia,Oselton,aoselton9@hostgator.com,Female,157.188.112.67,1998-11-19
11,Winifield,Blaisdell,wblaisdella@myspace.com,Male,37.29.77.227,1995-07-10
12,Nanine,Vasenin,nvaseninb@hc360.com,Genderfluid,245.202.239.200,1996-08-24
13,Marleen,Steffens,msteffensc@instagram.com,Female,87.92.136.41,1997-04-21
14,Kevin,Brewett,kbrewettd@thetimes.co.uk,Male,227.113.39.218,1995-05-04
15,Editha,Tangye,etangyee@patch.com,Female,233.187.93.58,1996-04-25
16,Kata,Storck,kstorckf@tripadvisor.com,Female,8.123.48.252,2000-06-17
17,Malinda,Starbeck,mstarbeckg@hibu.com,Female,96.9.196.201,1997-01-20
18,Pansie,Spoole,pspooleh@simplemachines.org,Female,127.194.240.252,1999-07-10
19,Kirk,Plose,kplosei@mozilla.com,Male,14.162.83.250,1994-01-01
20,Philippe,Dermot,pdermotj@foxnews.com,Female,240.135.76.245,1999-12-01
21,Malory,Witherop,mwitheropk@cornell.edu,Female,218.152.132.97,1998-05-07
22,Wendell,Bazek,wbazekl@biglobe.ne.jp,Polygender,169.52.77.48,1991-10-22
23,Haleigh,Rosenzveig,hrosenzveigm@arstechnica.com,Male,47.238.46.195,1994-02-20
24,Aldwin,Boxhall,aboxhalln@scientificamerican.com,Male,236.118.210.211,1991-12-04
25,Meaghan,Semiraz,msemirazo@mysql.com,Female,125.151.183.54,1997-03-11
26,Temple,Pennazzi,tpennazzip@yandex.ru,Male,169.73.13.181,1991-10-20
27,Standford,Cordobes,scordobesq@cargocollective.com,Male,175.182.31.116,1991-07-31
28,Durante,Bretton,dbrettonr@imgur.com,Male,19.137.121.15,1998-11-12
29,Irvine,Karleman,ikarlemans@flavors.me,Male,17.207.34.181,1996-06-08
30,Faith,Sallinger,fsallingert@ocn.ne.jp,Female,237.127.242.160,1999-11-12
31,Theo,Tancock,ttancocku@google.de,Male,196.211.162.0,1997-06-21
32,Jecho,Aliman,jalimanv@com.com,Male,138.225.71.29,1994-04-18
33,Angelico,Elsip,aelsipw@youtu.be,Male,121.208.166.65,1994-12-06
34,Camille,Ruddlesden,cruddlesdenx@usatoday.com,Female,42.198.164.206,1992-07-13
35,Uriel,Borth,uborthy@ehow.com,Male,51.219.97.139,1993-07-03
36,Reeta,Schankel,rschankelz@sohu.com,Female,154.77.37.162,1996-08-13
37,Norbie,Lody,nlody10@chron.com,Male,230.147.245.196,1990-12-22
38,Maudie,Pressnell,mpressnell11@google.ru,Female,149.142.160.49,1993-05-14
39,Shelby,Triplow,striplow12@joomla.org,Female,43.154.150.49,1991-10-21
40,Gus,MacDavitt,gmacdavitt13@tamu.edu,Male,193.251.28.228,1992-04-12
41,Dene,Adshede,dadshede14@vinaora.com,Male,63.104.212.89,1993-01-04
42,Devin,Signoret,dsignoret15@joomla.org,Female,19.246.84.104,2000-09-20
43,Christiana,Allaway,callaway16@oakley.com,Female,146.177.215.214,1998-02-20
44,Galven,Aspey,gaspey17@answers.com,Genderqueer,13.112.190.241,2000-01-26
45,Ware,Soares,wsoares18@baidu.com,Male,95.218.157.227,1998-11-08
46,Theodora,Taig,ttaig19@opensource.org,Female,244.76.180.18,1998-01-29
47,Nickolas,Muckleston,nmuckleston1a@walmart.com,Male,208.224.82.217,1995-09-16
48,Homerus,Coare,hcoare1b@homestead.com,Male,182.230.160.47,1999-09-23
49,Crin,Girault,cgirault1c@livejournal.com,Female,224.152.228.46,1995-07-07
50,Humfrey,Jeyes,hjeyes1d@harvard.edu,Male,252.177.235.142,1991-08-11
51,Letty,Toping,ltoping1e@sun.com,Female,35.219.77.254,1999-01-18
52,Salim,Bendle,sbendle1f@cmu.edu,Male,15.222.131.175,1999-11-02
53,Roxanne,Strathearn,rstrathearn1g@webs.com,Female,205.202.102.166,1991-05-30
54,Brander,Feehely,bfeehely1h@google.ca,Male,21.180.61.123,1991-03-01
55,Staffard,Pury,spury1i@epa.gov,Male,3.180.37.1,1991-06-21
56,Abbey,Tustin,atustin1j@narod.ru,Female,197.139.109.8,2000-09-28
57,Lyndsey,Doul,ldoul1k@ucla.edu,Female,30.238.194.32,1993-04-19
58,Betsy,Spillane,bspillane1l@shinystat.com,Female,214.157.131.43,1992-09-28
59,Madelon,Norrington,mnorrington1m@ucla.edu,Female,115.240.99.146,1990-12-18
60,Blair,Baughen,bbaughen1n@arizona.edu,Polygender,143.41.232.235,1996-02-25
61,Sergeant,Minshall,sminshall1o@utexas.edu,Bigender,214.34.89.204,1995-09-18
62,Zarla,Kears,zkears1p@answers.com,Female,144.219.155.51,1993-04-03
63,Noland,Galiero,ngaliero1q@mozilla.org,Male,103.8.43.22,1991-06-13
64,Mead,Darker,mdarker1r@yolasite.com,Female,236.28.33.248,1998-03-08
65,Alfie,Pasley,apasley1s@desdev.cn,Female,122.60.227.55,1992-07-05
66,Austen,Zorn,azorn1t@yellowpages.com,Male,247.207.108.44,1995-05-02
67,Arlene,Sollis,asollis1u@hubpages.com,Female,197.223.40.40,1997-05-03
68,Kassie,Eversley,keversley1v@dyndns.org,Female,250.116.30.14,1994-12-02
69,Jena,Metson,jmetson1w@desdev.cn,Female,45.155.153.18,1993-10-11
70,Quinn,Blissitt,qblissitt1x@hibu.com,Female,16.111.130.83,1990-12-18
71,Candide,Beresfore,cberesfore1y@marriott.com,Female,11.117.68.218,1997-04-09
72,Misti,Massot,mmassot1z@privacy.gov.au,Female,125.117.13.210,2000-02-17
73,Farrand,Flavelle,fflavelle20@noaa.gov,Female,206.185.67.28,1994-10-13
74,Almira,Cumesky,acumesky21@addtoany.com,Female,206.175.155.253,1998-09-23
75,Lance,Charpin,lcharpin22@devhub.com,Male,96.210.40.99,1993-06-07
76,Kellsie,Langstone,klangstone23@mashable.com,Female,101.83.227.181,1994-10-31
77,Allyn,Asson,aasson24@miitbeian.gov.cn,Male,138.152.11.88,1996-09-19
78,Darsie,Storek,dstorek25@smh.com.au,Female,174.123.185.179,1995-11-20
79,Isak,Cogan,icogan26@opera.com,Male,101.14.81.255,1999-09-17
80,Stephanus,Martyns,smartyns27@blogtalkradio.com,Genderqueer,134.62.51.213,1992-10-14
81,Jo-anne,Luthwood,jluthwood28@t.co,Female,226.145.209.237,2000-05-28
82,Dunstan,Cowan,dcowan29@jiathis.com,Male,160.134.142.0,1994-03-25
83,Marigold,Wardesworth,mwardesworth2a@theatlantic.com,Female,255.42.123.249,1994-07-16
84,Dimitri,Duxbarry,dduxbarry2b@vistaprint.com,Polygender,246.154.88.67,1994-08-21
85,Godard,Fielders,gfielders2c@devhub.com,Male,208.98.36.221,1994-03-15
86,Benson,Thairs,bthairs2d@globo.com,Male,103.182.58.205,1993-04-18
87,Ginnie,Union,gunion2e@omniture.com,Female,60.80.89.0,1994-02-05
88,Caren,Dorkin,cdorkin2f@nydailynews.com,Female,240.221.130.92,1993-02-23
89,Jory,Edinburough,jedinburough2g@zimbio.com,Male,183.141.122.138,1992-12-12
90,Bjorn,Parfett,bparfett2h@ucsd.edu,Male,233.15.201.96,1996-11-19
91,Renard,Mance,rmance2i@alexa.com,Male,129.97.130.150,1997-07-21
92,Anatole,Normant,anormant2j@redcross.org,Male,21.110.157.31,1998-03-30
93,Giana,Spanton,gspanton2k@github.com,Female,184.214.47.166,1994-11-25
94,Dorie,Looby,dlooby2l@topsy.com,Male,165.207.227.40,1992-10-17
95,Hermia,Point,hpoint2m@4shared.com,Female,232.82.92.181,1992-01-28
96,Del,Pattington,dpattington2n@stumbleupon.com,Female,112.94.196.3,1999-08-06
97,Tierney,Lowder,tlowder2o@thetimes.co.uk,Female,174.85.43.223,1993-06-15
98,Isadore,Dulinty,idulinty2p@drupal.org,Male,137.225.221.1,1994-11-21
99,Augustin,Eliez,aeliez2q@tripod.com,Male,83.133.80.49,1996-05-04
100,Rosemonde,Elderfield,relderfield2r@yandex.ru,Female,125.5.136.153,1999-12-17
101,Adel,Simonel,asimonel2s@dot.gov,Female,111.141.76.198,1993-10-14
102,Eliot,Stabler,establer2t@delicious.com,Male,232.159.161.214,1993-04-16
103,Jammal,Trenoweth,jtrenoweth2u@sciencedirect.com,Male,116.41.137.253,1993-07-20
104,Lucine,Lyngsted,llyngsted2v@marketwatch.com,Female,167.166.23.61,1998-10-05
105,Dre,Camings,dcamings2w@studiopress.com,Female,250.199.171.107,1992-03-16
106,Wait,Balser,wbalser2x@artisteer.com,Male,62.248.120.225,1992-05-04
107,Ram,Herries,rherries2y@sakura.ne.jp,Male,215.204.173.105,1992-12-02
108,Steffen,Peret,speret2z@paypal.com,Male,159.168.241.20,1997-04-12
109,Dena,Shill,dshill30@hexun.com,Female,1.72.61.14,1993-06-01
110,Bobette,Shortall,bshortall31@ycombinator.com,Female,6.32.183.148,1998-10-25
111,Klement,Rowbottom,krowbottom32@squarespace.com,Male,224.26.251.127,1994-09-01
112,Nerissa,Pendlebery,npendlebery33@hostgator.com,Female,119.111.219.23,1997-07-31
113,Celina,Garham,cgarham34@ucsd.edu,Female,100.75.133.132,1993-01-25
114,Keith,Ramsbottom,kramsbottom35@exblog.jp,Male,234.83.150.232,1993-06-28
115,Rikki,Ruppeli,rruppeli36@ftc.gov,Female,7.129.34.146,1998-06-15
116,Aymer,Stanier,astanier37@google.co.uk,Male,32.176.170.36,1994-03-05
117,Keely,Trematick,ktrematick38@sbwire.com,Agender,5.151.41.64,1998-12-11
118,Debbi,Instock,dinstock39@alibaba.com,Female,192.164.127.156,2000-06-29
119,Leon,Towsie,ltowsie3a@omniture.com,Male,13.144.21.125,1992-05-15
120,Cthrine,Strahan,cstrahan3b@csmonitor.com,Female,230.64.37.24,1995-01-27
121,Dimitri,McCullum,dmccullum3c@google.cn,Bigender,90.226.99.175,1998-08-30
122,Ruth,Moralas,rmoralas3d@xinhuanet.com,Female,172.206.213.80,1992-05-17
123,Garrick,Rosso,grosso3e@bandcamp.com,Male,220.145.67.52,1995-08-05
124,Fletcher,Jordison,fjordison3f@e-recht24.de,Male,224.159.84.146,1991-08-03
125,Claudius,Nern,cnern3g@mtv.com,Male,154.43.58.77,1993-04-08
126,Stanly,Wyson,swyson3h@bloglovin.com,Male,67.252.99.169,1993-01-02
127,Patrice,McClancy,pmcclancy3i@chron.com,Female,37.179.63.45,1995-02-22
128,Elke,Bednall,ebednall3j@europa.eu,Agender,233.217.203.211,1995-04-26
129,Lissa,Backman,lbackman3k@odnoklassniki.ru,Female,40.183.32.135,1994-06-22
130,Boycey,Blackborn,bblackborn3l@lycos.com,Male,140.69.49.184,1998-05-09
131,Emile,Benedicte,ebenedicte3m@shop-pro.jp,Male,195.124.247.143,1995-11-14
132,Viola,Szimon,vszimon3n@livejournal.com,Female,54.145.7.96,1995-03-15
133,Loralee,Lermit,llermit3o@hubpages.com,Female,114.128.67.45,1992-05-21
134,Mair,Peeter,mpeeter3p@blogtalkradio.com,Female,64.39.82.149,1998-06-13
135,Trip,Carmody,tcarmody3q@rediff.com,Male,145.237.220.212,1995-10-05
136,Scarlet,Linggard,slinggard3r@unicef.org,Female,26.20.138.161,1995-08-15
137,Markus,Peirce,mpeirce3s@example.com,Male,87.230.178.17,2000-04-17
138,Arlena,Bool,abool3t@paginegialle.it,Female,121.39.38.40,1996-04-16
139,Keeley,Thomke,kthomke3u@tamu.edu,Female,47.204.28.222,1993-02-20
140,Chancey,Crowdson,ccrowdson3v@homestead.com,Male,32.101.167.174,1994-06-15
141,Bourke,Motte,bmotte3w@4shared.com,Male,237.179.86.29,1991-05-28
142,Mikaela,Gallifont,mgallifont3x@so-net.ne.jp,Bigender,174.162.204.180,1997-05-28
143,Ruprecht,Bortoloni,rbortoloni3y@irs.gov,Male,6.35.254.213,1992-08-16
144,Genovera,Fazakerley,gfazakerley3z@blogtalkradio.com,Polygender,180.25.23.91,1992-09-12
145,Tate,Tancock,ttancock40@ustream.tv,Female,72.232.70.163,1996-11-21
146,Gweneth,Dicks,gdicks41@wisc.edu,Female,30.176.186.231,1993-04-12
147,Broderick,Medland,bmedland42@diigo.com,Male,255.38.101.65,1998-03-29
148,Jolie,Yanukhin,jyanukhin43@hatena.ne.jp,Female,181.226.46.238,1995-07-02
149,Dene,Stoad,dstoad44@intel.com,Male,237.104.95.198,1996-10-23
150,Edith,Donet,edonet45@simplemachines.org,Female,58.76.82.34,1997-01-22
151,Germana,Allright,gallright46@mac.com,Genderfluid,209.92.23.39,1995-03-25
152,Jackie,Tangye,jtangye47@slashdot.org,Female,229.189.83.45,2000-05-22
153,Loreen,Kohnemann,lkohnemann48@ucsd.edu,Female,55.174.173.229,1996-06-02
154,Ilario,Vanyushkin,ivanyushkin49@webs.com,Male,57.233.40.13,1991-10-05
155,Evania,Donaher,edonaher4a@ucla.edu,Female,249.99.187.29,1992-04-21
156,Chastity,Kirkman,ckirkman4b@sun.com,Female,81.128.179.32,2000-02-03
157,Anya,Ahrendsen,aahrendsen4c@springer.com,Genderqueer,233.95.165.255,1998-05-24
158,Philis,Gronous,pgronous4d@dedecms.com,Female,252.169.75.205,2000-01-24
159,Jacinthe,Semorad,jsemorad4e@wp.com,Female,140.24.74.54,1991-06-04
160,Bert,Garnham,bgarnham4f@imgur.com,Male,22.240.9.199,1992-05-23
161,Clarice,Capponeer,ccapponeer4g@wordpress.org,Genderqueer,91.167.1.251,1997-02-20
162,Amie,Ferronet,aferronet4h@wufoo.com,Female,20.154.211.64,1993-02-28
163,Marris,Robillart,mrobillart4i@marketwatch.com,Female,249.88.141.30,1997-03-14
164,Fidelity,Jirus,fjirus4j@hugedomains.com,Female,42.32.44.218,1994-06-30
165,Mose,Inderwick,minderwick4k@goodreads.com,Male,217.224.186.38,1994-10-24
166,Christel,Killerby,ckillerby4l@baidu.com,Female,236.22.173.64,2000-05-31
167,Maxi,Scrivin,mscrivin4m@telegraph.co.uk,Female,154.209.156.195,1996-04-02
168,Shanan,Weatherill,sweatherill4n@jiathis.com,Male,228.40.55.45,1998-11-05
169,Marissa,Charge,mcharge4o@chronoengine.com,Female,163.238.230.33,1991-10-13
170,Lauren,Donnan,ldonnan4p@printfriendly.com,Agender,31.8.188.100,1996-06-24
171,Bobine,Hatton,bhatton4q@epa.gov,Female,181.17.125.124,1999-07-28
172,Janeczka,Becks,jbecks4r@dell.com,Female,69.1.158.50,1995-01-19
173,Debbie,Zambon,dzambon4s@360.cn,Female,244.32.124.32,2000-06-07
174,Cordell,Walklott,cwalklott4t@noaa.gov,Male,80.14.244.237,2000-08-18
175,Dorothea,Wetter,dwetter4u@geocities.com,Female,208.200.70.249,1999-07-14
176,Dagmar,Paladino,dpaladino4v@bloomberg.com,Female,199.119.223.10,1997-01-19
177,Clayborne,Testo,ctesto4w@cbc.ca,Male,33.48.72.60,1994-06-08
178,Rab,Heads,rheads4x@nifty.com,Male,211.124.147.128,1999-11-04
179,Cleveland,Hairs,chairs4y@amazon.co.jp,Genderqueer,221.59.134.110,1992-02-02
180,Calvin,Stanbra,cstanbra4z@uol.com.br,Male,139.73.216.247,1994-06-04
181,Sydney,Wall,swall50@sourceforge.net,Female,66.10.67.54,1998-05-12
182,Cos,Larrie,clarrie51@go.com,Male,57.12.204.204,1995-03-22
183,Pat,Korpal,pkorpal52@dailymotion.com,Female,28.54.123.144,1993-03-20
184,Maren,Gingle,mgingle53@goo.gl,Female,90.102.167.57,2000-03-30
185,Guido,Trime,gtrime54@desdev.cn,Male,105.231.1.228,1997-06-23
186,Saw,Parsons,sparsons55@deliciousdays.com,Male,191.189.69.211,1991-06-23
187,Latisha,Lillgard,llillgard56@bbb.org,Female,71.87.66.96,1990-10-02
188,Rosy,D'Emanuele,rdemanuele57@addtoany.com,Female,52.8.134.202,1992-06-19
189,Corrinne,Martensen,cmartensen58@flickr.com,Female,40.13.12.6,1993-03-21
190,Everett,Landrean,elandrean59@ucsd.edu,Male,19.63.149.44,1997-04-30
191,Alvis,Derricoat,aderricoat5a@si.edu,Male,221.28.98.95,1999-11-20
192,Roda,Mc-Kerley,rmckerley5b@xinhuanet.com,Female,197.35.102.111,1998-04-02
193,Towney,Battison,tbattison5c@pcworld.com,Male,163.234.159.16,1992-03-15
194,Elenore,Amiable,eamiable5d@oaic.gov.au,Genderqueer,63.179.84.51,1996-08-10
195,Hilde,McFetridge,hmcfetridge5e@nih.gov,Non-binary,153.86.222.137,1999-08-11
196,Menard,Strudwick,mstrudwick5f@wordpress.org,Male,24.73.23.238,1991-12-28
197,Bord,Van Der Walt,bvanderwalt5g@constantcontact.com,Male,68.114.144.255,2000-09-21
198,Berkley,Matitiaho,bmatitiaho5h@twitpic.com,Male,20.12.61.217,1997-04-10
199,Una,Robertacci,urobertacci5i@salon.com,Female,92.178.92.175,1997-12-26
200,Janenna,Richley,jrichley5j@google.de,Female,189.179.47.49,1990-10-22
201,Shelia,Airs,sairs5k@networksolutions.com,Female,133.225.5.214,1994-05-01
202,Darcie,Dever,ddever5l@4shared.com,Female,40.118.7.201,1994-12-28
203,Terra,Devlin,tdevlin5m@theglobeandmail.com,Female,231.97.142.252,1997-03-10
204,Darrelle,Raikes,draikes5n@parallels.com,Female,154.251.88.51,1998-04-17
205,Adrian,Carlisso,acarlisso5o@cisco.com,Male,116.195.124.199,1994-11-09
206,Brigham,Noad,bnoad5p@yale.edu,Male,138.166.106.223,1991-04-28
207,Giorgio,Holt,gholt5q@paypal.com,Male,28.62.66.230,1995-08-14
208,Albie,Hardesty,ahardesty5r@mayoclinic.com,Male,238.100.162.56,1991-09-29
209,Emmalynn,Kenson,ekenson5s@geocities.com,Female,206.177.145.110,1997-03-30
210,Kipper,Peterkin,kpeterkin5t@spotify.com,Male,159.167.41.106,1999-05-10
211,Clotilda,Craddy,ccraddy5u@globo.com,Female,67.151.168.23,1998-02-17
212,Terza,Tessier,ttessier5v@buzzfeed.com,Female,219.76.205.8,1993-07-21
213,Elaine,Benedicte,ebenedicte5w@washington.edu,Female,198.67.39.55,1991-11-26
214,Concettina,Gages,cgages5x@sphinn.com,Female,3.95.217.199,2000-05-23
215,Gaelan,Vido,gvido5y@apple.com,Male,136.161.155.182,1999-10-05
216,Livvie,Chritchlow,lchritchlow5z@geocities.jp,Female,218.66.56.8,1993-02-01
217,Sawyere,Stavers,sstavers60@booking.com,Male,176.153.18.55,1997-09-08
218,Engelbert,Camell,ecamell61@ocn.ne.jp,Male,137.116.198.247,1996-08-24
219,Antonin,Emberson,aemberson62@multiply.com,Male,140.221.80.21,1996-06-27
220,Melisenda,Biggerdike,mbiggerdike63@stumbleupon.com,Female,8.199.188.112,1995-02-28
221,Fredra,Crasford,fcrasford64@tamu.edu,Female,250.51.189.64,2000-08-15
222,Albie,Swindall,aswindall65@jiathis.com,Male,93.62.144.109,1996-02-22
223,Saudra,Shepley,sshepley66@wix.com,Female,29.217.132.211,1994-10-25
224,Andi,Dormand,adormand67@flavors.me,Female,120.150.79.73,1991-02-09
225,Joceline,Morton,jmorton68@t.co,Female,137.228.245.201,1993-03-24
226,Bernardine,Harrowell,bharrowell69@va.gov,Female,209.103.114.59,1998-12-15
227,Carl,Grunnill,cgrunnill6a@buzzfeed.com,Male,65.204.50.213,1995-08-30
228,Cristian,Buffy,cbuffy6b@bandcamp.com,Male,196.18.163.238,1990-12-20
229,Maressa,Tschirschky,mtschirschky6c@telegraph.co.uk,Female,203.32.23.27,1995-08-15
230,Mordecai,Dhillon,mdhillon6d@google.it,Male,221.177.120.202,1993-12-13
231,Lucina,Brimilcombe,lbrimilcombe6e@nature.com,Female,128.206.60.189,1991-03-30
232,Toni,Lissett,tlissett6f@cbslocal.com,Genderfluid,155.77.177.240,1997-02-09
233,Nobie,Haizelden,nhaizelden6g@senate.gov,Male,135.164.164.15,1992-05-03
234,Ansel,Relfe,arelfe6h@1und1.de,Male,83.101.235.234,1997-01-08
235,Rani,Lowdham,rlowdham6i@1und1.de,Female,223.53.37.219,1998-07-13
236,Laverne,Chettoe,lchettoe6j@utexas.edu,Female,81.114.236.96,1997-06-08
237,Jeanette,Pizey,jpizey6k@twitter.com,Female,223.248.35.26,1996-05-08
238,Eveline,Kornel,ekornel6l@engadget.com,Female,255.39.149.170,1992-01-08
239,Konrad,Dabs,kdabs6m@intel.com,Male,13.151.189.248,1994-10-30
240,Richmound,Lawrie,rlawrie6n@shutterfly.com,Male,140.44.38.241,1991-03-03
241,Cariotta,Yanshinov,cyanshinov6o@buzzfeed.com,Female,172.24.49.8,1995-07-10
242,Vita,Marrett,vmarrett6p@squidoo.com,Female,142.186.6.86,1997-11-05
243,Olag,Isaq,oisaq6q@washingtonpost.com,Polygender,38.17.101.94,1991-07-14
244,Thorstein,Duny,tduny6r@nbcnews.com,Male,91.45.110.223,1993-06-29
245,Sonnnie,Lankford,slankford6s@odnoklassniki.ru,Female,217.116.176.192,1993-02-27
246,Marlie,Gadesby,mgadesby6t@google.nl,Female,114.212.254.205,1991-08-27
247,Robbie,Bowcock,rbowcock6u@usgs.gov,Female,68.215.219.126,1996-02-10
248,Brooke,Cuxson,bcuxson6v@slideshare.net,Male,25.237.16.251,2000-04-04
249,Kincaid,Walklett,kwalklett6w@dailymail.co.uk,Male,8.199.153.79,1991-12-02
250,Elle,Ayling,eayling6x@hhs.gov,Female,190.168.93.137,1999-07-31
251,Cassius,Maurice,cmaurice6y@huffingtonpost.com,Bigender,114.223.44.72,1997-06-19
252,Louisette,Records,lrecords6z@oracle.com,Female,86.153.55.118,1996-04-04
253,Mallory,Clemow,mclemow70@desdev.cn,Female,246.30.15.22,1995-11-05
254,Mauricio,Dinsale,mdinsale71@php.net,Bigender,148.229.241.115,1992-07-15
255,Darla,Labbett,dlabbett72@harvard.edu,Female,81.131.99.45,1993-06-27
256,Idette,Phayre,iphayre73@dagondesign.com,Female,139.37.201.160,1997-09-03
257,Alta,Chateau,achateau74@dailymotion.com,Female,61.58.202.190,1991-08-11
258,Wald,Schulz,wschulz75@clickbank.net,Agender,146.166.28.28,1993-08-01
259,Hedi,Imlin,himlin76@constantcontact.com,Female,101.199.185.136,1996-02-27
260,Enrica,Stoll,estoll77@rakuten.co.jp,Female,155.50.86.142,1992-04-04
261,Bendicty,Gunter,bgunter78@mysql.com,Male,252.44.252.139,1995-07-25
262,Audrie,Fishbie,afishbie79@vistaprint.com,Female,142.194.192.60,1999-01-09
263,Shantee,Brasher,sbrasher7a@fda.gov,Female,123.77.180.165,1992-12-30
264,Leela,Penritt,lpenritt7b@imgur.com,Female,225.160.228.42,1997-05-11
265,Julius,Leftley,jleftley7c@rakuten.co.jp,Male,18.122.12.114,1992-11-06
266,Napoleon,Pedley,npedley7d@imageshack.us,Male,188.95.68.123,1995-06-23
267,Madeleine,Ainslie,mainslie7e@sciencedirect.com,Female,229.150.181.24,1993-11-20
268,Elizabet,Melchior,emelchior7f@paypal.com,Female,22.242.160.147,1995-05-25
269,Brien,Hasted,bhasted7g@mozilla.org,Male,83.115.137.208,1999-07-06
270,Sophi,Penella,spenella7h@plala.or.jp,Female,176.114.31.6,1997-12-08
271,Sharlene,Northill,snorthill7i@e-recht24.de,Female,203.147.73.131,1999-03-25
272,Rutger,Iacovielli,riacovielli7j@ft.com,Male,133.218.119.5,2000-01-02
273,Aloysia,Phillot,aphillot7k@blinklist.com,Bigender,169.239.55.109,1996-06-01
274,Weylin,Hatchard,whatchard7l@theglobeandmail.com,Male,244.10.49.177,1992-06-22
275,Margaux,Timny,mtimny7m@liveinternet.ru,Female,80.166.249.21,2000-03-09
276,Marybelle,Caldaro,mcaldaro7n@answers.com,Female,255.110.160.104,1998-05-28
277,Cosimo,Jellings,cjellings7o@smh.com.au,Male,248.234.166.187,1996-08-17
278,Stavro,Peto,speto7p@tuttocitta.it,Bigender,157.183.217.190,1997-04-30
279,Tome,Laughren,tlaughren7q@dailymotion.com,Male,190.110.4.241,1996-11-30
280,Nadya,Rennicks,nrennicks7r@hostgator.com,Female,143.0.21.49,1997-02-17
281,Sena,Bradlaugh,sbradlaugh7s@economist.com,Female,242.230.124.228,1999-05-01
282,Leo,Morphet,lmorphet7t@twitter.com,Male,231.126.219.86,1995-06-17
283,Arlana,Chretien,achretien7u@1und1.de,Female,147.185.26.49,1995-10-13
284,Ariadne,Gauchier,agauchier7v@artisteer.com,Female,41.153.31.32,1999-07-25
285,Jareb,Goudman,jgoudman7w@independent.co.uk,Genderfluid,14.97.29.163,1994-11-07
286,Bil,Ridhole,bridhole7x@youtu.be,Male,105.151.17.143,2000-03-10
287,Lea,Davies,ldavies7y@ifeng.com,Female,137.209.162.133,1997-11-18
288,Esteban,Cardoe,ecardoe7z@amazonaws.com,Agender,11.172.203.157,1994-07-07
289,Janetta,Andrea,jandrea80@sciencedirect.com,Female,71.234.44.142,1998-09-24
290,Nelli,Gribble,ngribble81@elpais.com,Female,151.22.239.126,1992-11-10
291,Cyb,Gonthard,cgonthard82@shinystat.com,Female,102.87.9.239,1997-12-26
292,Ailis,Kellick,akellick83@chicagotribune.com,Female,165.118.90.80,1998-10-26
293,Hagan,Bansal,hbansal84@archive.org,Male,223.20.92.147,1996-10-05
294,Hadria,Purdie,hpurdie85@seesaa.net,Genderqueer,26.141.98.13,2000-07-11
295,Laughton,Smorthit,lsmorthit86@xrea.com,Male,55.32.187.208,1998-04-11
296,Shanon,Gittings,sgittings87@weather.com,Female,169.18.192.115,1991-09-25
297,Avie,Blenkinsop,ablenkinsop88@cisco.com,Female,111.176.213.254,1996-07-19
298,Gilda,Steaning,gsteaning89@parallels.com,Female,12.219.173.127,1992-08-04
299,Gunter,Corrett,gcorrett8a@prweb.com,Genderfluid,111.1.5.50,2000-06-17
300,Marcile,Caudwell,mcaudwell8b@ifeng.com,Female,178.112.25.28,1991-01-18
301,Jami,Meneyer,jmeneyer8c@surveymonkey.com,Female,177.146.178.248,1991-10-26
302,Travis,Dowgill,tdowgill8d@narod.ru,Male,16.196.218.199,1999-12-29
303,Ellissa,Stetlye,estetlye8e@nasa.gov,Female,24.119.93.253,2000-05-01
304,Husein,Bullan,hbullan8f@github.io,Male,2.52.199.217,1991-11-16
305,Bren,Jefferd,bjefferd8g@omniture.com,Male,162.193.109.151,2000-05-25
306,Agace,Tytherton,atytherton8h@cafepress.com,Female,24.82.116.115,1993-07-19
307,Dedie,Vedekhov,dvedekhov8i@reference.com,Non-binary,161.179.143.193,2000-08-07
308,Joel,MacGlory,jmacglory8j@stanford.edu,Male,182.101.193.94,1994-05-20
309,Ninon,Jevons,njevons8k@typepad.com,Female,1.229.44.140,1997-06-02
310,Murry,Hambright,mhambright8l@unesco.org,Male,201.127.46.27,1994-11-30
311,Jarid,O'Hollegan,johollegan8m@ed.gov,Male,155.15.34.211,1994-01-23
312,Brice,Logesdale,blogesdale8n@opensource.org,Male,128.182.183.70,2000-04-16
313,Glory,O'Quin,goquin8o@wix.com,Female,86.44.3.82,1994-10-09
314,Cecil,Frankiss,cfrankiss8p@usa.gov,Female,37.77.67.21,1997-05-07
315,Cathrin,Kuhlen,ckuhlen8q@meetup.com,Female,205.131.42.71,1995-03-24
316,Verge,Eneas,veneas8r@alexa.com,Male,175.11.134.46,2000-07-07
317,Gaelan,Sieghart,gsieghart8s@webeden.co.uk,Male,122.230.213.132,1998-05-21
318,Hogan,Athey,hathey8t@freewebs.com,Male,228.87.140.97,1995-01-30
319,Ariana,Kenzie,akenzie8u@skype.com,Female,147.157.49.81,1998-01-28
320,Gare,Bohman,gbohman8v@bigcartel.com,Male,38.202.86.210,1993-04-17
321,Bambie,Gettens,bgettens8w@gizmodo.com,Female,174.140.108.100,1995-10-11
322,Walton,Kingham,wkingham8x@slate.com,Male,32.44.2.58,1992-11-25
323,Beryl,Cabble,bcabble8y@booking.com,Female,241.123.72.203,1991-01-07
324,Kelcie,Corter,kcorter8z@google.it,Female,31.30.7.160,1992-10-25
325,Abel,Bendelow,abendelow90@whitehouse.gov,Male,137.73.175.242,1997-10-21
326,Ina,Enrigo,ienrigo91@amazonaws.com,Female,153.99.119.243,1990-11-05
327,Josephina,Grayley,jgrayley92@cdc.gov,Non-binary,111.12.35.45,1992-06-15
328,Eugenio,Bambrick,ebambrick93@vistaprint.com,Male,162.74.178.138,1992-11-03
329,Arny,Gain,again94@163.com,Male,146.185.112.101,1996-03-03
330,Violette,Shrimpling,vshrimpling95@behance.net,Non-binary,65.158.192.53,1994-06-22
331,Theresina,Blunn,tblunn96@1688.com,Bigender,186.194.253.215,1994-01-22
332,Rahal,Linggood,rlinggood97@globo.com,Female,132.90.108.12,1995-07-08
333,Marie-jeanne,Rushsorth,mrushsorth98@cam.ac.uk,Female,26.61.89.139,1991-02-28
334,Chrissy,Randles,crandles99@biglobe.ne.jp,Male,77.127.129.168,1993-12-09
335,Barbara,Danihelka,bdanihelka9a@google.com.hk,Female,90.86.44.156,1995-01-26
336,Annissa,Hanney,ahanney9b@cdc.gov,Female,17.36.69.162,1999-06-17
337,Ardelia,Moralas,amoralas9c@ca.gov,Female,247.95.69.65,1996-03-29
338,Leeland,McFaul,lmcfaul9d@miitbeian.gov.cn,Male,136.59.81.146,2000-04-19
339,Zena,Sweeny,zsweeny9e@narod.ru,Female,4.39.66.118,1994-04-26
340,Kristan,Leverett,kleverett9f@cocolog-nifty.com,Female,85.125.57.191,1996-06-27
341,Phillis,Heminsley,pheminsley9g@whitehouse.gov,Female,0.182.132.182,1992-06-09
342,Marleen,Priestman,mpriestman9h@wix.com,Female,182.180.95.80,1997-09-10
343,Smith,Coppard,scoppard9i@mayoclinic.com,Male,73.188.198.227,1992-11-28
344,Wallace,Pallent,wpallent9j@github.io,Male,231.132.196.141,1991-10-29
345,Anders,Vance,avance9k@fda.gov,Male,228.37.101.37,1998-02-09
346,Dido,Clotworthy,dclotworthy9l@washingtonpost.com,Female,98.225.88.170,1992-01-02
347,Elton,Garaway,egaraway9m@washington.edu,Agender,224.227.160.135,1993-01-10
348,Vanna,Karpenko,vkarpenko9n@marketwatch.com,Female,3.186.248.79,2000-03-18
349,Agatha,Robardey,arobardey9o@cbslocal.com,Female,25.5.38.255,1998-11-05
350,Shane,Stowgill,sstowgill9p@quantcast.com,Male,57.209.180.164,1993-12-21
351,Sandi,Thams,sthams9q@storify.com,Female,237.242.57.124,1993-05-03
352,Aguistin,Chatteris,achatteris9r@miibeian.gov.cn,Male,193.25.131.204,1999-09-30
353,Kylynn,Jarrad,kjarrad9s@delicious.com,Female,231.36.63.24,1994-09-21
354,Vivi,Calton,vcalton9t@fastcompany.com,Female,164.136.158.118,1999-11-30
355,Moselle,Hendrikse,mhendrikse9u@com.com,Female,61.72.45.13,1998-09-12
356,Kort,Minton,kminton9v@godaddy.com,Bigender,216.223.45.177,1992-01-13
357,Bernie,Izaac,bizaac9w@slideshare.net,Male,107.249.198.241,1997-02-10
358,Alejoa,Sygrove,asygrove9x@topsy.com,Bigender,19.195.126.188,1993-03-17
359,Carroll,Jacobowitz,cjacobowitz9y@hatena.ne.jp,Female,232.148.226.51,1991-11-17
360,Fielding,Rubanenko,frubanenko9z@dailymotion.com,Male,234.247.217.109,1996-10-01
361,Etti,Darton,edartona0@va.gov,Female,114.125.8.135,1991-06-12
362,Kathlin,O' Liddy,koliddya1@chron.com,Female,151.65.196.194,2000-08-04
363,Tamera,Harriot,tharriota2@va.gov,Female,74.73.243.68,1996-02-07
364,Jackquelin,Tyrone,jtyronea3@1688.com,Female,90.49.62.101,1992-11-29
365,Kalil,De Domenico,kdedomenicoa4@pen.io,Male,163.236.54.231,1991-01-17
366,Olav,Lowmass,olowmassa5@github.io,Male,143.24.202.120,1993-05-11
367,Delcina,Fargie,dfargiea6@craigslist.org,Female,214.91.137.69,2000-09-01
368,Lilia,Uridge,luridgea7@bloomberg.com,Female,201.216.8.184,1998-12-30
369,Bette,Kirtlan,bkirtlana8@cbslocal.com,Female,85.242.132.246,1994-05-07
370,Emogene,Thatcham,ethatchama9@newyorker.com,Female,175.90.18.245,1991-02-22
371,Brodie,Goullee,bgoulleeaa@goo.gl,Male,91.93.122.237,1997-08-15
372,Rozanne,McCaffrey,rmccaffreyab@mediafire.com,Female,211.45.18.39,2000-06-21
373,Vannie,Asp,vaspac@rediff.com,Female,79.217.36.158,1993-06-29
374,Nicholas,Kornacki,nkornackiad@google.co.jp,Male,50.21.187.123,1993-08-26
375,Rhett,Bampforth,rbampforthae@prlog.org,Male,120.154.232.100,1999-03-25
376,Sonnie,Gracewood,sgracewoodaf@spotify.com,Male,17.210.6.199,1996-02-18
377,Jeremiah,Athowe,jathoweag@imgur.com,Male,20.151.150.178,1992-10-22
378,Orelia,Nossent,onossentah@earthlink.net,Female,241.245.24.100,1992-01-16
379,Tish,Duggon,tduggonai@google.com.br,Female,93.233.93.99,1993-05-03
380,Duky,Martensen,dmartensenaj@jiathis.com,Male,186.170.227.102,1995-02-26
381,Collen,Swine,cswineak@topsy.com,Female,254.154.96.223,1998-09-30
382,Ferrel,Duigan,fduiganal@paginegialle.it,Male,219.66.115.203,1998-02-14
383,Eloise,Durtnall,edurtnallam@hatena.ne.jp,Female,157.84.149.58,1995-03-07
384,Edmund,Plackstone,eplackstonean@so-net.ne.jp,Genderfluid,126.61.5.64,1992-03-08
385,Dolley,O'Dulchonta,dodulchontaao@house.gov,Genderfluid,142.175.53.203,1992-10-18
386,Laurene,Mc Andrew,lmcandrewap@deviantart.com,Female,185.159.141.0,1991-03-16
387,Kendell,Cadle,kcadleaq@furl.net,Male,87.42.152.179,1994-03-05
388,Faustine,Huxter,fhuxterar@sciencedirect.com,Female,170.16.75.50,1996-04-07
389,Jaime,Dudeney,jdudeneyas@twitter.com,Polygender,15.88.93.151,1992-09-15
390,Bradan,Bernardes,bbernardesat@123-reg.co.uk,Male,195.211.93.5,1993-03-03
391,Ashil,Martinovic,amartinovicau@vistaprint.com,Female,253.153.103.117,1994-11-13
392,Steffen,Carwithan,scarwithanav@gravatar.com,Male,174.176.252.151,1991-07-01
393,Zahara,Silk,zsilkaw@microsoft.com,Female,161.214.18.21,1995-11-22
394,Aksel,Duchateau,aduchateauax@ustream.tv,Non-binary,179.233.50.43,1993-03-19
395,Regen,Knapman,rknapmanay@friendfeed.com,Male,194.91.32.32,1997-06-16
396,Grace,Lethley,glethleyaz@soundcloud.com,Female,255.36.252.111,1999-10-31
397,Margo,Zorzini,mzorzinib0@netscape.com,Female,78.221.100.81,1999-09-24
398,Anetta,Pennone,apennoneb1@wufoo.com,Female,33.14.124.144,1991-07-22
399,Fred,Castanyer,fcastanyerb2@csmonitor.com,Male,176.122.7.235,2000-06-06
400,Kendra,Mulvey,kmulveyb3@google.cn,Female,25.106.128.234,1999-06-02
401,Kata,Glendining,kglendiningb4@forbes.com,Female,140.195.141.242,1995-03-30
402,Wilhelmine,McNellis,wmcnellisb5@360.cn,Female,123.235.117.172,1995-10-10
403,Audrie,Veneur,aveneurb6@wunderground.com,Female,242.20.173.68,2000-04-30
404,Alvin,Greep,agreepb7@ox.ac.uk,Male,80.36.27.13,1998-05-13
405,Keelia,De Filippis,kdefilippisb8@usa.gov,Female,229.26.26.162,1998-12-05
406,Charmane,De la Yglesia,cdelayglesiab9@biglobe.ne.jp,Female,85.201.150.42,1997-10-23
407,Donnie,Ruberti,drubertiba@bizjournals.com,Non-binary,145.46.17.1,1991-02-02
408,Cinnamon,Bleazard,cbleazardbb@51.la,Female,24.234.79.156,1993-03-07
409,Amalita,McIlwaine,amcilwainebc@ow.ly,Female,29.32.144.4,1996-06-17
410,Dallon,Ralphs,dralphsbd@imgur.com,Male,60.194.222.219,1998-01-05
411,Roman,Fursse,rfurssebe@columbia.edu,Male,239.170.115.179,1991-09-12
412,Joel,Cobb,jcobbbf@friendfeed.com,Male,138.218.245.53,1992-03-28
413,Ede,Motte,emottebg@feedburner.com,Female,74.12.120.178,1997-05-02
414,Kristan,Halsho,khalshobh@twitpic.com,Female,119.72.5.179,1993-12-18
415,Daryl,Cawson,dcawsonbi@cornell.edu,Female,169.102.234.23,1998-02-18
416,Xymenes,Petricek,xpetricekbj@studiopress.com,Male,125.74.118.148,1993-06-24
417,Dilly,Gosby,dgosbybk@zimbio.com,Male,143.22.138.27,1992-02-17
418,Wendy,Desquesnes,wdesquesnesbl@techcrunch.com,Female,55.51.195.241,1995-07-21
419,Cathyleen,Rickeard,crickeardbm@senate.gov,Female,217.77.242.62,1994-09-23
420,Isadora,Leaming,ileamingbn@phpbb.com,Female,127.164.8.216,2000-09-01
421,Sigrid,Argont,sargontbo@sogou.com,Female,184.61.155.24,1992-02-20
422,Emalee,Southers,esouthersbp@slate.com,Female,32.245.88.111,1993-01-09
423,Kerianne,Venes,kvenesbq@google.it,Female,140.184.236.20,1993-04-09
424,Kelsey,Sinnie,ksinniebr@cbsnews.com,Female,138.174.156.150,1995-09-04
425,Olivette,McCaw,omccawbs@sina.com.cn,Female,105.136.139.95,1993-08-19
426,Bernelle,Brymham,bbrymhambt@timesonline.co.uk,Female,103.223.222.176,1995-02-22
427,Ofelia,Renol,orenolbu@nih.gov,Female,63.230.128.236,1991-07-27
428,Irvin,Iannello,iiannellobv@drupal.org,Male,27.220.140.191,1991-11-02
429,Fulton,Bray,fbraybw@columbia.edu,Bigender,212.4.27.62,1996-03-13
430,Chaddy,Adrianello,cadrianellobx@mozilla.com,Male,180.107.60.68,1992-06-17
431,Eolanda,Gronno,egronnoby@dyndns.org,Female,15.190.18.207,1998-03-17
432,Isaiah,Davidovic,idavidovicbz@google.ca,Male,229.106.246.103,1994-10-29
433,Eldredge,Jocic,ejocicc0@ted.com,Male,29.87.224.62,1999-07-23
434,Brandyn,Gertz,bgertzc1@redcross.org,Male,197.175.243.118,1999-08-11
435,Tarra,Di Baudi,tdibaudic2@independent.co.uk,Female,110.30.114.188,1998-07-18
436,Wye,Prattin,wprattinc3@mit.edu,Male,140.144.51.242,1998-11-20
437,Edan,Norster,enorsterc4@seattletimes.com,Male,184.212.35.13,1998-10-01
438,Pauly,Piggott,ppiggottc5@discovery.com,Genderqueer,77.202.57.241,1991-06-08
439,Ede,Kohrsen,ekohrsenc6@yahoo.co.jp,Bigender,86.108.246.250,1992-05-24
440,Jarvis,Simonel,jsimonelc7@angelfire.com,Male,192.90.187.183,2000-03-05
441,Aloisia,Sponer,asponerc8@webs.com,Female,96.24.54.149,1998-11-26
442,Vinny,Riccardini,vriccardinic9@loc.gov,Female,222.196.38.38,1998-06-05
443,Ianthe,Blakes,iblakesca@zimbio.com,Female,116.132.153.191,1996-07-15
444,Leticia,Drewson,ldrewsoncb@google.it,Female,203.148.216.75,1994-12-01
445,Nikki,Karczinski,nkarczinskicc@homestead.com,Genderfluid,136.131.187.41,1994-05-19
446,Ianthe,Yanson,iyansoncd@is.gd,Female,221.30.33.145,1992-07-24
447,Barthel,Paffitt,bpaffittce@arizona.edu,Male,33.76.161.238,1997-02-23
448,Gustav,Terbeek,gterbeekcf@ehow.com,Male,64.245.4.85,1993-03-27
449,Jennine,Garvey,jgarveycg@accuweather.com,Female,151.126.34.198,1999-01-04
450,Carmencita,Blackaby,cblackabych@51.la,Female,83.143.26.1,1991-08-01
451,Ray,Coates,rcoatesci@wikipedia.org,Male,34.128.50.252,1997-04-09
452,Ari,Pitney,apitneycj@youtube.com,Male,129.71.132.64,1991-10-17
453,Bone,Biesterfeld,bbiesterfeldck@fc2.com,Male,123.116.76.2,1996-10-12
454,Egan,Bampford,ebampfordcl@ucla.edu,Male,33.151.64.58,1998-03-17
455,Bette,Maren,bmarencm@shutterfly.com,Female,81.82.250.150,2000-06-15
456,Kelsey,Curr,kcurrcn@forbes.com,Male,240.202.100.240,1992-02-10
457,Franklin,Trenchard,ftrenchardco@hhs.gov,Male,170.193.57.111,1998-12-11
458,North,Lapslie,nlapsliecp@google.de,Male,186.14.170.72,1994-11-01
459,Imelda,Conquest,iconquestcq@desdev.cn,Female,166.56.78.116,2000-05-25
460,Farrell,Rraundl,frraundlcr@sfgate.com,Male,210.222.229.228,1997-12-30
461,Henrie,Giovannacc@i,hgiovannaccics@rambler.ru,Female,6.105.79.192,2000-04-05
462,Kermit,Minett,kminettct@discuz.net,Male,17.188.177.86,1993-11-10
463,Sarajane,Slot,sslotcu@over-blog.com,Female,80.15.190.46,1997-03-18
464,Rik,Bardnam,rbardnamcv@barnesandnoble.com,Male,59.229.248.222,1995-05-30
465,Alissa,Sclanders,asclanderscw@instagram.com,Female,148.143.161.214,1996-04-28
466,Garrott,Possel,gposselcx@clickbank.net,Male,10.20.206.16,2000-07-12
467,Lettie,Cram,lcramcy@mail.ru,Female,137.179.133.19,1997-10-17
468,Cahra,Rizzotto,crizzottocz@buzzfeed.com,Female,85.243.240.16,1990-10-28
469,Barny,Preble,bprebled0@comsenz.com,Male,184.239.77.134,1992-10-08
470,Meryl,Dearl,mdearld1@opera.com,Male,189.140.10.22,1993-04-11
471,Welch,Gertray,wgertrayd2@about.com,Male,240.190.152.89,1994-12-25
472,Maynord,Ivashev,mivashevd3@fastcompany.com,Male,110.179.44.103,1992-08-02
473,Eadmund,Conichie,econichied4@ucoz.com,Male,85.163.236.178,1999-08-07
474,Maxy,Mapes,mmapesd5@state.tx.us,Female,80.26.1.37,1998-06-02
475,Kerrin,Matejovsky,kmatejovskyd6@opera.com,Female,55.118.96.156,1999-03-29
476,Mohandas,Feary,mfearyd7@pen.io,Male,133.45.103.218,2000-03-15
477,Wilden,Giraldo,wgiraldod8@g.co,Male,130.199.146.113,1992-04-20
478,Phil,Bensley,pbensleyd9@usatoday.com,Male,152.44.217.49,1996-02-20
479,Tannie,Jervoise,tjervoiseda@sfgate.com,Male,76.187.172.120,1994-01-28
480,Eleonore,Batalle,ebatalledb@vimeo.com,Female,116.110.9.10,1991-09-28
481,Lil,Kilner,lkilnerdc@chicagotribune.com,Female,108.231.27.133,1996-03-10
482,Nessa,Berry,nberrydd@wikipedia.org,Non-binary,12.86.29.37,1995-12-06
483,Marsh,McCardle,mmccardlede@cocolog-nifty.com,Male,201.59.216.166,1994-05-04
484,Allard,Cassius,acassiusdf@dailymail.co.uk,Male,70.240.212.182,1991-05-18
485,Chiquita,Prewett,cprewettdg@yellowpages.com,Female,203.86.207.235,1999-06-27
486,Grethel,Limpricht,glimprichtdh@mac.com,Female,252.66.38.90,1996-07-01
487,Normie,Houselee,nhouseleedi@topsy.com,Male,108.129.17.2,1996-04-04
488,Ernesto,Bercevelo,ebercevelodj@imageshack.us,Male,86.86.184.69,2000-07-17
489,Neville,Keeton,nkeetondk@buzzfeed.com,Male,193.15.118.130,1997-10-25
490,Artie,Drage,adragedl@constantcontact.com,Male,85.232.215.231,1994-05-26
491,Bone,Stockall,bstockalldm@toplist.cz,Male,174.11.173.244,1992-04-17
492,Vally,Attridge,vattridgedn@devhub.com,Female,188.114.87.65,1994-08-26
493,Douglas,Tinsley,dtinsleydo@artisteer.com,Male,236.87.157.52,1995-05-25
494,Palmer,Evett,pevettdp@domainmarket.com,Male,167.60.127.16,1991-05-30
495,Zorina,Bonhan,zbonhandq@google.pl,Female,179.70.31.83,2000-02-17
496,Emmaline,Strangeway,estrangewaydr@sphinn.com,Female,114.94.74.11,1991-03-28
497,Dasi,Jenner,djennerds@boston.com,Female,229.127.22.71,1994-05-04
498,Titos,Stollberger,tstollbergerdt@topsy.com,Male,49.117.134.171,1992-09-08
499,Marga,Moncreiff,mmoncreiffdu@macromedia.com,Female,82.208.131.139,1996-07-27
500,Augie,Killford,akillforddv@shop-pro.jp,Male,117.102.176.215,1997-08-12
501,Davis,Gorvin,dgorvindw@istockphoto.com,Male,134.85.255.226,1994-08-17
502,Louisa,Sowden,lsowdendx@uol.com.br,Female,147.24.228.61,1999-02-12
503,Merissa,Lapthorn,mlapthorndy@archive.org,Bigender,3.202.53.167,1993-01-26
504,Merry,Anthoine,manthoinedz@github.com,Male,6.205.208.108,1994-07-02
505,Iona,Callinan,icallinane0@engadget.com,Female,88.186.12.150,1996-05-26
506,Raffaello,Aitchinson,raitchinsone1@sciencedaily.com,Male,124.14.158.166,1996-07-31
507,Laurice,Foster,lfostere2@discuz.net,Female,42.31.157.224,1997-06-05
508,Valentine,Persian,vpersiane3@dion.ne.jp,Polygender,218.89.53.34,1993-05-27
509,Harcourt,Umney,humneye4@google.com.hk,Male,230.91.148.177,1997-05-14
510,Audy,Basill,abasille5@phoca.cz,Female,167.23.46.216,1993-10-02
511,Katheryn,Davydkov,kdavydkove6@google.com.au,Female,175.150.43.130,1993-03-23
512,Dasie,McGennis,dmcgennise7@baidu.com,Female,177.96.218.75,1994-06-26
513,Fairleigh,Edmons,fedmonse8@mac.com,Male,98.42.232.127,1992-06-12
514,Denni,Starr,dstarre9@ebay.co.uk,Genderfluid,54.61.70.114,1992-10-12
515,Shandeigh,Goodsell,sgoodsellea@usa.gov,Female,25.250.146.166,1995-07-08
516,Adriano,Faulconbridge,afaulconbridgeeb@privacy.gov.au,Agender,88.44.95.174,1992-09-30
517,Maddie,Sartain,msartainec@whitehouse.gov,Male,113.62.251.149,2000-03-24
518,Allene,Jerratsch,ajerratsched@uol.com.br,Female,252.151.129.27,1990-10-05
519,Nettie,Ridgedell,nridgedellee@wp.com,Female,148.90.163.39,1999-03-20
520,Rabi,Garstan,rgarstanef@cbslocal.com,Male,150.175.135.234,1996-12-19
521,Christean,Tryme,ctrymeeg@flickr.com,Female,199.187.5.94,1994-06-30
522,Humphrey,Ruggles,hruggleseh@globo.com,Male,210.12.199.177,1994-08-21
523,Bent,Elwin,belwinei@amazonaws.com,Male,139.48.105.63,1991-12-22
524,Danita,Northeast,dnortheastej@vistaprint.com,Female,0.244.126.152,1993-06-12
525,Pedro,Beardall,pbeardallek@wufoo.com,Male,56.234.249.14,1993-01-23
526,Marissa,Frend,mfrendel@ted.com,Female,173.5.44.62,1999-03-02
527,Faythe,Zmitrichenko,fzmitrichenkoem@nhs.uk,Female,185.16.212.47,1998-01-03
528,Lari,Keoghan,lkeoghanen@elpais.com,Female,247.129.58.105,1999-01-12
529,Karin,Insole,kinsoleeo@typepad.com,Female,109.167.93.197,1997-09-18
530,Skipp,Keysel,skeyselep@usa.gov,Male,195.185.7.250,1997-09-09
531,Salomo,Bachman,sbachmaneq@twitpic.com,Male,193.215.151.158,2000-05-26
532,Alison,Hercock,ahercocker@salon.com,Female,155.217.61.146,1994-05-29
533,Roldan,Chaundy,rchaundyes@indiatimes.com,Male,142.232.104.27,1994-08-17
534,Rog,Haryngton,rharyngtonet@aol.com,Male,60.95.101.132,2000-02-15
535,Loydie,Hindmore,lhindmoreeu@wikimedia.org,Male,136.240.196.137,1997-09-23
536,Marvin,Rzehor,mrzehorev@ca.gov,Male,169.120.35.150,1996-03-07
537,Derick,Blackleech,dblackleechew@ning.com,Male,109.148.215.38,1991-04-10
538,Carleton,Wickham,cwickhamex@cam.ac.uk,Male,234.118.131.106,1999-02-11
539,Cassandry,Starling,cstarlingey@dedecms.com,Agender,201.98.34.58,1992-06-21
540,Layne,Attwell,lattwellez@unc.edu,Female,244.158.25.204,1998-09-03
541,Grover,Crighten,gcrightenf0@theatlantic.com,Male,10.28.219.57,1997-07-12
542,Bryce,Ipplett,bipplettf1@msn.com,Male,115.100.225.239,1994-06-23
543,Myrtle,Dumbelton,mdumbeltonf2@princeton.edu,Female,24.127.121.244,1997-11-04
544,Rosabel,Farleigh,rfarleighf3@sitemeter.com,Female,231.114.44.70,1992-04-22
545,Luca,Lenham,llenhamf4@state.gov,Male,150.111.255.55,1997-01-09
546,George,Murch,gmurchf5@hibu.com,Male,245.238.8.71,1994-03-29
547,Debra,Showers,dshowersf6@vistaprint.com,Female,234.110.181.118,1991-06-06
548,Arline,Franz,afranzf7@bloglovin.com,Female,182.225.216.143,1992-05-14
549,Guenevere,Harburtson,gharburtsonf8@xinhuanet.com,Female,198.20.19.154,1999-05-19
550,Eugenia,MacGillivray,emacgillivrayf9@bravesites.com,Female,143.6.252.8,2000-09-03
551,Misty,Aird,mairdfa@google.co.jp,Female,22.27.84.178,1997-03-31
552,Jackson,Rustadge,jrustadgefb@netvibes.com,Male,218.148.242.39,1997-12-31
553,Lawry,Roj,lrojfc@cbslocal.com,Male,36.12.166.46,1997-05-10
554,Liam,Postians,lpostiansfd@goo.gl,Genderfluid,67.163.198.202,1997-02-24
555,Sebastian,Abramow,sabramowfe@craigslist.org,Male,62.89.214.193,1994-01-05
556,Sioux,Capaldi,scapaldiff@ezinearticles.com,Female,197.66.133.8,1994-05-17
557,Marlo,Gutsell,mgutsellfg@blogspot.com,Male,222.8.75.159,1993-01-06
558,Ileana,Puig,ipuigfh@g.co,Female,11.201.111.189,1998-07-26
559,Kendal,Degenhardt,kdegenhardtfi@instagram.com,Male,61.248.232.92,1998-12-23
560,Pet,Baxendale,pbaxendalefj@fastcompany.com,Female,21.212.96.179,1994-07-09
561,Auria,Stannett,astannettfk@thetimes.co.uk,Female,103.13.66.251,1992-12-05
562,Olivie,Dowles,odowlesfl@bluehost.com,Female,73.91.205.122,1999-04-05
563,Nathalie,Pawelec,npawelecfm@admin.ch,Agender,236.253.35.115,1996-04-26
564,Farrel,Da Costa,fdacostafn@flickr.com,Male,254.162.146.81,1994-05-29
565,Sergeant,Betteney,sbetteneyfo@narod.ru,Male,148.45.210.28,1991-11-12
566,Clay,Tippings,ctippingsfp@parallels.com,Male,209.122.215.87,1999-02-10
567,Dwayne,Colbron,dcolbronfq@springer.com,Male,254.41.203.124,1994-02-22
568,Sarene,Arling,sarlingfr@purevolume.com,Genderqueer,109.134.11.88,1996-04-04
569,Emmaline,Flacknell,eflacknellfs@miitbeian.gov.cn,Female,197.199.159.9,1998-07-21
570,Alyss,Ferencz,aferenczft@edublogs.org,Female,20.254.222.99,1995-08-15
571,Mureil,Velte,mveltefu@state.gov,Polygender,110.34.28.202,1996-08-31
572,Gordon,Welchman,gwelchmanfv@theatlantic.com,Male,129.131.82.117,1993-10-25
573,Josefa,Mityushin,jmityushinfw@biglobe.ne.jp,Female,61.52.8.113,1995-05-29
574,Lamont,Viccary,lviccaryfx@xing.com,Male,188.21.189.221,1995-04-03
575,Cayla,Carthew,ccarthewfy@washington.edu,Female,139.193.78.126,1992-06-02
576,Peria,Gieves,pgievesfz@list-manage.com,Female,147.34.106.49,1992-06-15
577,Shelbi,Puddan,spuddang0@reverbnation.com,Female,68.46.110.149,1997-10-12
578,Maxine,Simone,msimoneg1@craigslist.org,Female,244.131.15.52,1996-10-24
579,Elayne,Strothers,estrothersg2@examiner.com,Female,38.43.222.216,1994-10-22
580,Page,Sallinger,psallingerg3@netscape.com,Male,177.69.25.179,1997-01-25
581,Roi,Brockman,rbrockmang4@jigsy.com,Male,29.143.234.15,1997-02-08
582,Nana,Hargerie,nhargerieg5@meetup.com,Female,14.80.172.240,1994-10-19
583,Jared,Crampton,jcramptong6@fda.gov,Male,215.147.80.33,1993-03-13
584,Fidole,August,faugustg7@networkadvertising.org,Male,160.186.188.87,1998-05-12
585,Hesther,Gianulli,hgianullig8@slate.com,Female,75.183.240.107,1994-02-11
586,Kirby,Blaase,kblaaseg9@simplemachines.org,Male,52.101.108.209,1996-02-19
587,Billy,Reyner,breynerga@jiathis.com,Female,106.31.177.32,1992-02-23
588,Thayne,Wapplington,twapplingtongb@sohu.com,Male,60.77.16.226,1991-01-19
589,Padraig,Antonich,pantonichgc@slate.com,Male,98.4.53.101,1999-06-08
590,Sibyl,Hucquart,shucquartgd@github.com,Female,136.249.146.225,2000-09-11
591,Barton,Lambertini,blambertinige@sourceforge.net,Male,68.109.224.96,1999-07-27
592,Ilise,Wateridge,iwateridgegf@boston.com,Female,46.162.82.202,1997-09-06
593,Gaylord,Jorg,gjorggg@liveinternet.ru,Male,27.19.6.253,1993-11-28
594,Leela,Bestwall,lbestwallgh@wikia.com,Polygender,211.159.115.18,1999-09-14
595,Myrna,Vasishchev,mvasishchevgi@who.int,Female,223.66.12.242,1992-06-09
596,Glyn,Chern,gcherngj@timesonline.co.uk,Female,139.172.92.41,1992-12-12
597,Margalo,Claibourn,mclaibourngk@va.gov,Female,246.38.38.74,2000-07-15
598,Norbert,Lacrouts,nlacroutsgl@symantec.com,Male,247.149.228.76,1999-06-04
599,Louis,Ashpital,lashpitalgm@nydailynews.com,Male,128.3.140.233,1998-04-21
600,Iolanthe,Bingley,ibingleygn@wikimedia.org,Female,133.165.50.16,1999-07-29
601,Marian,Gildea,mgildeago@home.pl,Female,103.13.163.38,1992-09-11
602,Cicily,Corballis,ccorballisgp@slate.com,Female,4.60.184.102,1997-02-16
603,Trixie,Sawyers,tsawyersgq@altervista.org,Female,179.199.97.127,1997-09-10
604,El,Epsley,eepsleygr@dyndns.org,Male,175.19.177.122,1991-03-11
605,Birgit,Musicka,bmusickags@trellian.com,Genderfluid,30.245.141.34,1993-01-25
606,Derron,Suddock,dsuddockgt@chron.com,Male,33.148.68.86,1997-04-30
607,Baxy,Denecamp,bdenecampgu@nymag.com,Male,77.68.10.145,1992-02-10
608,Ronny,Oswald,roswaldgv@dedecms.com,Male,97.237.244.175,2000-03-02
609,Care,MacConnechie,cmacconnechiegw@privacy.gov.au,Male,217.130.203.12,1996-11-01
610,Shayne,Durston,sdurstongx@mapy.cz,Female,197.254.194.242,1995-06-20
611,Zoe,Rudledge,zrudledgegy@scientificamerican.com,Female,224.231.59.30,1993-05-13
612,Deidre,Foux,dfouxgz@mlb.com,Bigender,101.218.109.70,2000-01-13
613,Hartley,Skehens,hskehensh0@unesco.org,Polygender,64.61.97.206,2000-01-11
614,Garrott,Kyttor,gkyttorh1@twitter.com,Male,98.249.171.100,1995-04-19
615,Ulrikaumeko,Gentry,ugentryh2@sina.com.cn,Female,18.10.2.91,1999-04-28
616,Estella,Lilleycrop,elilleycroph3@blog.com,Female,223.207.166.138,1999-11-10
617,Cass,Downey,cdowneyh4@ezinearticles.com,Female,216.12.219.33,1995-02-04
618,Dimitry,Davers,ddaversh5@ebay.com,Male,78.235.194.143,1992-05-12
619,Harcourt,Ivison,hivisonh6@list-manage.com,Male,159.135.159.144,1991-05-26
620,Donnamarie,Vanyard,dvanyardh7@mozilla.org,Agender,182.17.241.230,1998-01-29
621,Cass,Higgan,chigganh8@nyu.edu,Male,44.179.177.223,1998-10-11
622,Belicia,Manneville,bmannevilleh9@craigslist.org,Female,54.107.89.98,2000-02-10
623,George,Perrins,gperrinsha@tinyurl.com,Non-binary,127.2.214.118,1997-03-07
624,Ania,Caulket,acaulkethb@liveinternet.ru,Female,21.50.67.28,1997-01-16
625,Cletis,Chitty,cchittyhc@pen.io,Male,35.183.211.130,1995-11-01
626,Rici,Letts,rlettshd@ihg.com,Female,230.139.86.199,1991-01-30
627,Sibyl,Winstanley,swinstanleyhe@yale.edu,Male,196.48.204.224,1995-10-26
628,Elysee,Gellately,egellatelyhf@ucoz.com,Female,116.213.3.82,1996-05-24
629,Dion,McRitchie,dmcritchiehg@princeton.edu,Male,207.33.121.84,1994-12-25
630,Paulie,O'Canavan,pocanavanhh@reverbnation.com,Female,220.30.12.99,1993-11-09
631,Mortie,Domney,mdomneyhi@issuu.com,Male,77.250.162.44,1997-08-04
632,Janet,Lazer,jlazerhj@rediff.com,Agender,227.141.231.207,1992-05-25
633,Pasquale,Symcox,psymcoxhk@alexa.com,Male,217.240.116.249,1997-05-16
634,Bennie,Huxter,bhuxterhl@bing.com,Male,244.228.155.7,2000-02-19
635,Marleah,Cottrill,mcottrillhm@vkontakte.ru,Female,129.238.172.126,1991-09-11
636,Alexander,MacDunleavy,amacdunleavyhn@spotify.com,Male,220.102.194.168,1994-11-08
637,Cyrille,Tuley,ctuleyho@technorati.com,Genderfluid,64.211.90.94,1996-05-11
638,Alley,Potier,apotierhp@ameblo.jp,Male,48.201.126.35,1997-05-19
639,Luce,Pina,lpinahq@europa.eu,Female,182.126.130.199,2000-09-17
640,Tabbie,Agus,tagushr@oaic.gov.au,Male,58.40.101.108,1992-01-02
641,Clint,Shout,cshouths@icio.us,Male,50.215.14.20,1995-01-09
642,Alwin,Woodroofe,awoodroofeht@yolasite.com,Male,202.15.111.102,1993-04-08
643,Dirk,Mustill,dmustillhu@squidoo.com,Male,55.85.221.240,2000-05-17
644,Ernaline,Philliphs,ephilliphshv@army.mil,Genderqueer,35.90.50.125,1991-07-21
645,Karalynn,Levins,klevinshw@cisco.com,Female,202.109.255.180,1996-10-29
646,Julissa,Blick,jblickhx@kickstarter.com,Genderqueer,154.195.255.144,2000-07-04
647,Harbert,Glewe,hglewehy@sbwire.com,Male,162.111.43.129,1996-01-07
648,Delainey,Eggers,deggershz@amazon.de,Male,106.128.176.21,1994-03-10
649,Ugo,Rupel,urupeli0@skype.com,Male,61.225.23.186,1995-07-19
650,Trumann,Vonasek,tvonaseki1@geocities.com,Male,46.99.72.16,1993-12-05
651,Turner,Copas,tcopasi2@purevolume.com,Male,195.112.55.110,1999-02-06
652,Ashia,Riddick,ariddicki3@earthlink.net,Female,50.240.183.188,1993-10-15
653,Steffie,Yeaman,syeamani4@jugem.jp,Female,65.44.10.208,1991-09-26
654,Andi,Ericsson,aericssoni5@simplemachines.org,Polygender,50.152.105.38,1992-01-15
655,Dena,Kerbler,dkerbleri6@whitehouse.gov,Female,241.127.244.101,1997-01-05
656,Ede,Kunath,ekunathi7@opera.com,Female,44.153.22.97,1991-06-06
657,Bordie,Kmieciak,bkmieciaki8@wikimedia.org,Male,103.133.46.196,2000-05-09
658,Welbie,Eglington,weglingtoni9@ustream.tv,Male,109.99.29.171,1999-03-21
659,Cinda,Station,cstationia@google.co.uk,Female,148.135.77.169,1994-12-24
660,Aland,Cainey,acaineyib@goo.gl,Male,233.245.210.251,1994-06-14
661,Sunshine,Pauletti,spaulettiic@blog.com,Female,213.131.194.57,1999-12-05
662,Morey,Batrick,mbatrickid@trellian.com,Male,219.31.140.233,1992-07-23
663,Simona,Mizzi,smizziie@phoca.cz,Female,195.138.237.224,1994-01-13
664,Conn,Harnor,charnorif@omniture.com,Male,192.128.146.164,1993-11-18
665,Joshia,Andrey,jandreyig@angelfire.com,Male,172.250.156.231,1996-05-07
666,Bernelle,Maffin,bmaffinih@buzzfeed.com,Female,118.71.94.63,1992-12-15
667,Symon,Bloxham,sbloxhamii@usda.gov,Male,185.16.215.64,1992-11-05
668,Carola,Van Der Walt,cvanderwaltij@flickr.com,Polygender,59.112.50.152,1991-11-28
669,Clo,Bertenshaw,cbertenshawik@patch.com,Female,78.109.169.255,1999-04-15
670,Rubi,Britner,rbritneril@wikispaces.com,Female,220.33.239.120,1994-01-03
671,Gonzales,Vasile,gvasileim@nytimes.com,Male,110.126.23.225,1999-09-07
672,Ginevra,Siverns,gsivernsin@cnet.com,Female,16.111.236.81,1994-01-06
673,Randie,Dudley,rdudleyio@nymag.com,Female,45.26.210.120,1994-07-02
674,Benn,De Giovanni,bdegiovanniip@marriott.com,Male,3.62.128.236,1993-09-03
675,Fredi,Tilt,ftiltiq@parallels.com,Female,166.246.24.197,1992-01-11
676,Mercie,Eshmade,meshmadeir@mlb.com,Female,223.115.229.86,2000-05-18
677,Frasquito,Tregian,ftregianis@washingtonpost.com,Male,68.48.127.181,1997-07-22
678,Brigid,Boaler,bboalerit@jigsy.com,Non-binary,115.67.56.196,1994-11-17
679,Frieda,Tetsall,ftetsalliu@salon.com,Female,236.200.167.62,1996-12-21
680,Nydia,Greschik,ngreschikiv@blogspot.com,Female,208.254.146.8,1999-01-25
681,Perice,Treherne,ptreherneiw@discuz.net,Male,254.196.195.16,1993-10-08
682,Daron,Elwyn,delwynix@chicagotribune.com,Male,158.13.205.250,1996-04-28
683,Joby,Lenaghen,jlenagheniy@domainmarket.com,Female,47.203.54.7,1992-12-10
684,Lilyan,Avrasin,lavrasiniz@plala.or.jp,Female,48.165.211.60,1997-08-17
685,Sande,Spada,sspadaj0@imgur.com,Female,45.124.32.181,1992-10-25
686,Monte,Rosling,mroslingj1@fastcompany.com,Male,132.114.26.37,1995-12-07
687,Dyanne,Guinnane,dguinnanej2@odnoklassniki.ru,Female,248.108.8.173,1993-05-09
688,Andeee,Woofendell,awoofendellj3@sciencedaily.com,Bigender,247.147.36.29,1999-08-14
689,Judas,Mincher,jmincherj4@mail.ru,Agender,180.227.170.225,1991-03-23
690,Maudie,Winkett,mwinkettj5@vk.com,Polygender,87.129.33.65,1998-02-06
691,Prinz,Soitoux,psoitouxj6@uol.com.br,Male,79.76.71.223,1994-12-07
692,Linnea,Reisenstein,lreisensteinj7@deviantart.com,Female,107.134.25.104,1994-09-22
693,Kristine,Corzon,kcorzonj8@oakley.com,Female,221.45.210.64,1992-06-22
694,Ellene,Izard,eizardj9@home.pl,Female,209.153.138.198,1992-03-23
695,Leon,Quixley,lquixleyja@yolasite.com,Male,16.28.58.190,1994-06-26
696,Shaughn,Stalley,sstalleyjb@eventbrite.com,Male,217.9.89.70,1992-07-24
697,Kingsly,Younge,kyoungejc@cargocollective.com,Male,166.105.124.40,1995-04-29
698,Sacha,Flahy,sflahyjd@list-manage.com,Female,3.11.105.243,1993-06-21
699,Maurene,Farnish,mfarnishje@google.it,Female,88.29.103.145,1991-05-18
700,Innis,Cometti,icomettijf@wiley.com,Male,4.250.26.51,1999-10-22
701,Maynard,McGray,mmcgrayjg@forbes.com,Male,15.46.37.65,1990-12-16
702,Scottie,Vandenhoff,svandenhoffjh@youtu.be,Male,68.207.155.85,1999-05-14
703,Bernette,Schulkins,bschulkinsji@cam.ac.uk,Female,215.172.105.9,1993-04-03
704,Tedra,Le Floch,tleflochjj@usa.gov,Female,74.149.98.144,1995-08-16
705,Mikol,Makiver,mmakiverjk@reddit.com,Male,92.84.21.49,1998-03-19
706,Clemmy,Epgrave,cepgravejl@japanpost.jp,Female,224.176.175.103,1999-07-06
707,Ladonna,Skelcher,lskelcherjm@earthlink.net,Female,27.208.50.198,1997-03-14
708,Arnold,Gration,agrationjn@purevolume.com,Male,190.218.164.195,1991-05-04
709,Jeni,Pagen,jpagenjo@bluehost.com,Female,55.122.87.134,2000-05-10
710,Veronica,Wilflinger,vwilflingerjp@yahoo.com,Female,198.64.246.162,1995-04-17
711,Kippie,Maton,kmatonjq@google.com.br,Female,222.241.205.215,2000-01-03
712,Neysa,Staining,nstainingjr@imageshack.us,Female,86.99.122.56,1993-09-20
713,Rivkah,O'Rafferty,roraffertyjs@ox.ac.uk,Female,3.189.14.97,1993-04-18
714,Caprice,Bodker,cbodkerjt@ocn.ne.jp,Female,29.117.100.155,1990-10-04
715,Aurthur,Lansdowne,alansdowneju@virginia.edu,Male,61.103.19.170,1997-05-02
716,Jessamine,Sachno,jsachnojv@indiegogo.com,Female,44.213.162.1,1993-05-20
717,Cleo,Hursey,churseyjw@vimeo.com,Female,21.246.5.108,1998-07-05
718,Sella,McJury,smcjuryjx@army.mil,Agender,201.49.104.90,1991-12-20
719,Reggy,McMeeking,rmcmeekingjy@gnu.org,Male,34.32.83.40,1994-08-05
720,Evered,Mead,emeadjz@dedecms.com,Male,211.137.198.235,1994-09-25
721,Hildagard,Willowby,hwillowbyk0@house.gov,Female,9.17.203.72,1998-09-29
722,Tomkin,Zamora,tzamorak1@ehow.com,Male,4.248.13.97,1997-07-23
723,Darleen,Mozzi,dmozzik2@creativecommons.org,Female,77.45.112.23,1993-03-13
724,Arielle,Brusle,abruslek3@nyu.edu,Female,88.153.40.16,1993-06-26
725,Gilberte,Warricker,gwarrickerk4@a8.net,Female,125.54.44.150,1992-07-02
726,Lyssa,Elgood,lelgoodk5@netlog.com,Genderqueer,247.211.72.61,2000-02-19
727,Querida,Harrold,qharroldk6@msu.edu,Female,140.104.210.231,1995-07-22
728,Barrie,Barniss,bbarnissk7@edublogs.org,Female,186.237.197.139,1997-07-07
729,Inna,Aleshintsev,ialeshintsevk8@cargocollective.com,Female,71.16.101.188,1992-01-26
730,Melamie,Firbanks,mfirbanksk9@domainmarket.com,Female,139.198.104.107,1992-09-05
731,Edik,Mertsching,emertschingka@mashable.com,Male,162.208.140.225,1992-07-13
732,Shena,Rozsa,srozsakb@hostgator.com,Female,54.225.73.78,1993-01-23
733,Gratia,Roman,gromankc@goo.gl,Female,169.55.212.110,1992-09-15
734,Augie,Ventam,aventamkd@salon.com,Male,181.179.210.138,1995-06-13
735,Zachariah,McHardy,zmchardyke@mayoclinic.com,Male,155.40.10.20,1996-08-28
736,Torrance,Yter,tyterkf@meetup.com,Male,135.190.246.78,1999-01-27
737,Celestyna,Ordemann,cordemannkg@ask.com,Female,55.60.31.172,1995-04-30
738,Hesther,Gerber,hgerberkh@gov.uk,Female,59.106.67.87,1995-03-06
739,Christan,Tackley,ctackleyki@google.fr,Female,20.47.36.29,1992-10-31
740,Archambault,Blyden,ablydenkj@blinklist.com,Male,228.142.211.193,1998-05-04
741,Trudy,Storton,tstortonkk@blogger.com,Female,13.40.120.49,1993-05-17
742,Judah,Caughtry,jcaughtrykl@ed.gov,Male,30.58.131.234,1996-07-14
743,Oren,Carreyette,ocarreyettekm@slideshare.net,Male,127.108.106.43,1993-05-31
744,Issi,Grossman,igrossmankn@delicious.com,Female,70.212.232.197,1994-11-30
745,Rudolfo,Titcomb,rtitcombko@illinois.edu,Male,133.253.202.246,1997-10-04
746,Terri,Cleyburn,tcleyburnkp@soup.io,Male,137.37.110.246,1995-03-02
747,Victoir,O'Corrigane,vocorriganekq@behance.net,Male,14.218.247.114,1995-09-19
748,Shayne,Rounce,srouncekr@ezinearticles.com,Male,11.208.89.223,1998-12-13
749,Conney,Hattam,chattamks@free.fr,Male,29.116.199.245,1997-09-07
750,Carrissa,Vaissiere,cvaissierekt@bloglines.com,Female,213.182.202.64,1995-04-14
751,Valerye,Hutsby,vhutsbyku@abc.net.au,Genderqueer,44.63.182.12,1996-09-05
752,Virginie,Labadini,vlabadinikv@deviantart.com,Polygender,169.196.48.82,1997-10-25
753,Leslie,Thody,lthodykw@studiopress.com,Non-binary,196.246.190.94,1994-12-07
754,Leann,Kem,lkemkx@qq.com,Female,16.35.255.170,1997-06-06
755,Decca,Redihough,dredihoughky@un.org,Male,208.103.39.109,1992-01-23
756,Saunder,Grisbrook,sgrisbrookkz@tiny.cc,Male,178.210.109.75,1999-09-20
757,Levin,George,lgeorgel0@cnet.com,Male,17.162.120.17,1991-09-03
758,Cherin,Wollacott,cwollacottl1@paypal.com,Female,88.231.236.191,1991-04-18
759,Vasilis,Santino,vsantinol2@seesaa.net,Male,36.166.239.132,1990-10-04
760,Latashia,Andryushchenko,landryushchenkol3@ebay.com,Female,212.26.83.108,1999-05-08
761,Konstance,De Filippo,kdefilippol4@whitehouse.gov,Female,195.126.112.174,1998-07-14
762,Alyse,Kmicicki,akmicickil5@baidu.com,Female,205.243.11.219,1991-09-18
763,Michele,Wooland,mwoolandl6@cargocollective.com,Male,148.187.167.79,1994-04-20
764,Sherwynd,Gollin,sgollinl7@weebly.com,Male,132.239.242.144,1990-10-13
765,Cale,Foch,cfochl8@smh.com.au,Agender,251.56.252.233,1999-04-16
766,Nonah,Burnham,nburnhaml9@alibaba.com,Female,132.107.81.107,1999-04-07
767,Albrecht,O'Carran,aocarranla@rambler.ru,Male,160.222.221.209,1991-07-18
768,Hamish,Runge,hrungelb@meetup.com,Male,61.98.77.101,1998-05-20
769,Alexia,Offner,aoffnerlc@discovery.com,Female,211.239.138.89,1997-05-11
770,Olin,Welland,owellandld@squidoo.com,Male,17.102.241.135,1998-01-07
771,Merrielle,Kindred,mkindredle@bizjournals.com,Female,134.17.224.228,2000-02-05
772,Alexis,Wainscoat,awainscoatlf@uol.com.br,Male,190.139.200.64,1995-11-11
773,Teodoor,Deaville,tdeavillelg@geocities.jp,Male,232.50.159.96,1998-10-16
774,Akim,Camois,acamoislh@com.com,Male,25.178.227.29,1998-03-03
775,Reuben,Fould,rfouldli@dailymotion.com,Male,177.29.217.67,1992-10-26
776,Catlaina,Greenshiels,cgreenshielslj@rambler.ru,Female,200.44.2.67,1996-10-17
777,Allie,Geindre,ageindrelk@webnode.com,Male,122.123.184.159,1992-07-14
778,Saxe,Crews,screwsll@tinypic.com,Male,241.214.159.192,1991-11-21
779,Averyl,Tidcombe,atidcombelm@rediff.com,Female,18.197.128.42,1992-12-11
780,Arlette,Shewery,asheweryln@symantec.com,Female,191.245.1.89,1991-07-16
781,Erroll,Fraschini,efraschinilo@umn.edu,Male,22.249.6.43,1992-09-04
782,Buffy,Yegorchenkov,byegorchenkovlp@springer.com,Female,154.21.147.26,1991-10-28
783,Ambur,Elsom,aelsomlq@issuu.com,Female,92.71.116.25,1999-09-07
784,Lexi,Varah,lvarahlr@un.org,Agender,244.159.13.250,1995-10-17
785,Reinald,Dominguez,rdominguezls@cisco.com,Male,156.55.231.196,2000-01-19
786,Esdras,Charnick,echarnicklt@oakley.com,Male,228.72.170.98,1991-06-02
787,Terrie,Shewery,tshewerylu@paypal.com,Female,189.13.31.206,1996-04-02
788,Alister,Heady,aheadylv@wikipedia.org,Male,69.245.222.25,2000-06-18
789,Miriam,Keaveny,mkeavenylw@techcrunch.com,Female,59.86.77.255,1993-12-17
790,Mollee,Brane,mbranelx@icio.us,Female,113.123.43.187,1994-08-07
791,Caitrin,Kevane,ckevanely@upenn.edu,Female,35.163.211.165,1995-09-25
792,Yehudit,Akrigg,yakrigglz@sitemeter.com,Male,6.219.159.47,1999-12-25
793,Donella,Cruxton,dcruxtonm0@tinypic.com,Female,205.236.76.116,1998-03-17
794,Alex,Elward,aelwardm1@technorati.com,Female,232.152.152.177,1997-08-23
795,Bradford,Downham,bdownhamm2@answers.com,Male,8.16.249.137,1997-12-12
796,Les,Fentem,lfentemm3@edublogs.org,Male,79.109.210.162,1997-12-04
797,Heindrick,Sandeson,hsandesonm4@walmart.com,Male,217.159.21.233,1995-03-12
798,Cyndy,Sybe,csybem5@tripod.com,Female,254.188.0.248,1992-09-23
799,Luciano,Geraud,lgeraudm6@twitter.com,Male,0.88.94.97,1996-08-31
800,Adey,Dy,adym7@istockphoto.com,Female,94.82.34.2,1999-07-03
801,Maurene,Nursey,mnurseym8@wikispaces.com,Female,3.42.167.1,1990-12-23
802,Willdon,Croston,wcrostonm9@go.com,Male,247.2.64.91,1995-12-19
803,Regina,Vaudrey,rvaudreyma@angelfire.com,Female,19.238.39.56,1993-10-31
804,Calv,Roget,crogetmb@flavors.me,Male,28.218.181.190,1993-09-06
805,Kevon,Ivannikov,kivannikovmc@google.co.jp,Non-binary,252.197.192.185,1994-07-06
806,Emalee,Stollard,estollardmd@youtu.be,Female,163.82.125.107,1992-04-20
807,Kenn,Zoanetti,kzoanettime@example.com,Male,155.207.225.234,1999-07-06
808,Kimmi,Pawden,kpawdenmf@answers.com,Female,203.55.85.143,1999-09-11
809,Darin,Bilston,dbilstonmg@wufoo.com,Male,191.13.196.29,2000-03-28
810,Bryana,O'Scollee,boscolleemh@tuttocitta.it,Genderqueer,8.127.124.30,1995-10-26
811,Jourdain,Harbertson,jharbertsonmi@prweb.com,Male,126.252.59.38,1993-01-31
812,Richy,Auton,rautonmj@w3.org,Male,160.65.198.155,1994-04-30
813,Ashil,Reame,areamemk@wikia.com,Female,64.5.207.241,1999-07-11
814,Meta,Rosenblad,mrosenbladml@blogger.com,Female,169.127.213.200,1994-04-21
815,Alejandra,Hutten,ahuttenmm@jiathis.com,Female,84.20.239.254,1997-12-28
816,Moira,Warriner,mwarrinermn@narod.ru,Bigender,129.184.143.247,2000-09-01
817,Richardo,Kirrage,rkirragemo@eventbrite.com,Male,23.101.137.117,1999-05-15
818,Hunter,McAuslan,hmcauslanmp@360.cn,Male,255.142.186.156,1993-08-30
819,Preston,Semmens,psemmensmq@tiny.cc,Male,245.4.204.115,1991-01-18
820,Hermann,Godier,hgodiermr@webeden.co.uk,Male,206.42.155.130,2000-05-17
821,Cathyleen,Rootham,croothamms@bizjournals.com,Female,127.76.211.99,1995-02-08
822,Iorgos,Schroeder,ischroedermt@technorati.com,Male,80.114.59.222,1998-10-19
823,Marten,Riseley,mriseleymu@tiny.cc,Male,170.82.186.9,1994-11-25
824,Woody,Marler,wmarlermv@nyu.edu,Male,154.24.45.146,1991-05-31
825,Tiena,Mellanby,tmellanbymw@epa.gov,Female,228.150.113.92,1991-06-14
826,Hadrian,Beningfield,hbeningfieldmx@bloglines.com,Male,185.2.34.177,1998-01-18
827,Edin,Wadham,ewadhammy@shutterfly.com,Female,194.188.155.16,1995-03-19
828,Timothy,De Cristoforo,tdecristoforomz@smugmug.com,Male,180.179.245.238,1992-10-09
829,Win,Doog,wdoogn0@yellowpages.com,Male,118.123.155.231,2000-05-17
830,Gloria,Craker,gcrakern1@businessinsider.com,Female,217.43.176.163,1994-06-05
831,Thea,Dutton,tduttonn2@si.edu,Female,121.62.239.108,1996-12-07
832,Wally,Quadling,wquadlingn3@cbsnews.com,Male,245.239.12.208,1998-11-15
833,Luce,Ashlin,lashlinn4@fc2.com,Female,151.235.67.224,1996-11-21
834,Ram,Aloway,ralowayn5@dmoz.org,Male,244.163.34.191,1992-02-05
835,Cordey,Fidoe,cfidoen6@epa.gov,Non-binary,20.172.32.120,1990-10-06
836,Kathryne,Crowthe,kcrowthen7@weebly.com,Female,221.11.12.137,1994-06-21
837,Humfrey,Galway,hgalwayn8@sogou.com,Male,178.28.255.244,2000-03-22
838,Nicolina,MacDearmaid,nmacdearmaidn9@miitbeian.gov.cn,Female,54.31.89.108,1999-11-01
839,Thaxter,Bissell,tbissellna@friendfeed.com,Male,62.201.206.34,1999-09-02
840,Guglielmo,Barmadier,gbarmadiernb@amazon.co.uk,Male,27.152.187.14,1993-01-10
841,Perice,Creer,pcreernc@uol.com.br,Genderfluid,142.89.239.227,1991-02-26
842,Joana,Ryce,jrycend@dmoz.org,Female,221.234.151.24,1995-10-06
843,Ana,Smidmor,asmidmorne@360.cn,Female,72.178.196.48,1999-05-23
844,Akim,Mandres,amandresnf@state.gov,Male,28.3.113.63,1997-05-19
845,Flemming,McAuslene,fmcausleneng@aol.com,Male,26.253.62.94,1993-01-07
846,Bobbie,Bredbury,bbredburynh@stumbleupon.com,Female,108.64.31.113,1995-06-17
847,Isabelle,Huddle,ihuddleni@ocn.ne.jp,Female,29.6.103.159,2000-03-25
848,Randall,Hacun,rhacunnj@illinois.edu,Male,208.6.75.240,1997-04-06
849,Muffin,Jertz,mjertznk@angelfire.com,Male,53.88.236.194,1992-04-29
850,Fiona,Aspinall,faspinallnl@soundcloud.com,Female,146.139.199.40,1999-04-28
851,Jule,Gane,jganenm@miitbeian.gov.cn,Male,63.128.182.197,2000-04-01
852,Niels,Greenrodd,ngreenroddnn@forbes.com,Male,21.238.212.84,1999-02-14
853,Tristan,Linthead,tlintheadno@sciencedaily.com,Male,210.172.138.141,1996-08-18
854,Brodie,Burbudge,bburbudgenp@arstechnica.com,Male,255.156.178.226,1992-10-16
855,Mora,Peters,mpetersnq@photobucket.com,Female,145.246.89.91,1996-07-07
856,Prue,Mussen,pmussennr@themeforest.net,Female,89.67.185.216,1996-10-01
857,Lorene,Cuell,lcuellns@blogspot.com,Female,255.173.193.253,1998-03-27
858,Wolfgang,Bignal,wbignalnt@ovh.net,Male,176.64.8.6,1997-02-02
859,Galina,Harnott,gharnottnu@typepad.com,Female,92.245.131.211,1994-02-09
860,Borden,Roncelli,broncellinv@odnoklassniki.ru,Male,104.93.177.255,1993-03-01
861,Stevie,Shenfish,sshenfishnw@domainmarket.com,Genderfluid,190.252.179.29,1999-05-21
862,Humfrid,Poulden,hpouldennx@mediafire.com,Male,143.226.241.199,1995-09-19
863,Jackson,Habberjam,jhabberjamny@bluehost.com,Male,199.56.197.2,1995-12-02
864,Alethea,Reinert,areinertnz@slideshare.net,Female,133.181.209.85,1997-12-13
865,Vivie,Ebden,vebdeno0@nationalgeographic.com,Female,217.212.105.213,1991-08-20
866,Easter,Brandone,ebrandoneo1@thetimes.co.uk,Female,91.232.40.186,1992-07-18
867,Isabella,Bunton,ibuntono2@bravesites.com,Female,47.166.37.95,1993-11-24
868,Pattie,Currell,pcurrello3@oakley.com,Agender,176.152.63.195,1992-06-05
869,Alexei,Beveredge,abeveredgeo4@businessinsider.com,Male,237.49.20.170,1996-10-19
870,Ardith,Klemke,aklemkeo5@amazonaws.com,Female,107.164.68.183,1999-02-28
871,Hershel,Bernardeau,hbernardeauo6@discuz.net,Male,11.72.1.170,1998-08-07
872,Sully,Wetherburn,swetherburno7@sphinn.com,Genderfluid,0.198.167.82,1992-01-17
873,Major,Ithell,mithello8@etsy.com,Male,162.110.76.40,1997-08-08
874,Hagen,Deller,hdellero9@home.pl,Male,224.209.25.188,1995-10-07
875,Mahmoud,Mecchi,mmecchioa@ed.gov,Male,243.82.254.129,2000-08-02
876,Eberhard,Elleray,eellerayob@wunderground.com,Male,186.20.212.0,1993-07-12
877,Blane,Handmore,bhandmoreoc@surveymonkey.com,Male,226.251.22.86,1995-09-18
878,Tab,Woodruff,twoodruffod@shareasale.com,Male,79.154.3.208,2000-05-10
879,Wenda,Assinder,wassinderoe@dyndns.org,Genderqueer,203.9.37.4,1998-09-09
880,Rudiger,Joul,rjoulof@oracle.com,Male,14.86.144.201,1996-09-04
881,Kalila,Coling,kcolingog@163.com,Female,121.198.125.201,1998-04-15
882,Tomlin,Skittrall,tskittralloh@discuz.net,Male,136.156.42.87,1992-06-29
883,Olwen,Trude,otrudeoi@dell.com,Female,101.42.247.67,1995-07-08
884,Scott,Butterworth,sbutterworthoj@netvibes.com,Male,18.79.31.184,1992-10-03
885,Huntley,Maddinon,hmaddinonok@zimbio.com,Male,195.110.153.37,1991-02-28
886,Monique,Skingle,mskingleol@theguardian.com,Female,131.76.121.6,1995-12-25
887,Odie,Jemmison,ojemmisonom@ucoz.ru,Male,244.31.65.121,1993-06-23
888,Selma,Baltzar,sbaltzaron@amazon.co.uk,Female,216.213.15.200,1991-12-28
889,Maxim,Temby,mtembyoo@goo.gl,Male,98.68.36.18,1990-10-22
890,Leesa,Ager,lagerop@blogtalkradio.com,Female,73.87.167.151,1994-11-03
891,Christophorus,Tregear,ctregearoq@cisco.com,Bigender,94.142.164.148,1992-10-08
892,Skippy,Cloake,scloakeor@google.com,Male,163.177.230.19,1995-10-01
893,Thorvald,Baldacco,tbaldaccoos@cdbaby.com,Male,228.44.233.87,1997-11-16
894,Mel,Barosch,mbaroschot@squidoo.com,Male,2.221.77.14,1996-11-18
895,Kyle,Guiraud,kguiraudou@cnet.com,Male,101.83.174.219,1996-01-24
896,Mabelle,Loosely,mlooselyov@answers.com,Female,16.223.0.100,1991-01-21
897,Tynan,Stut,tstutow@buzzfeed.com,Male,24.181.197.155,1992-06-28
898,Mariejeanne,Freschi,mfreschiox@nifty.com,Female,255.15.138.163,1995-07-30
899,Oona,Fryers,ofryersoy@google.cn,Bigender,75.236.80.9,1998-06-07
900,Lora,Kinch,lkinchoz@tumblr.com,Female,108.169.122.184,1997-05-29
901,Kelcy,Sammut,ksammutp0@cnbc.com,Female,249.166.26.255,1994-12-22
902,Dalli,Reditt,dredittp1@oakley.com,Male,179.11.197.177,1997-08-14
903,Janaya,Allix,jallixp2@baidu.com,Female,213.199.247.55,1997-06-30
904,Nobie,Marden,nmardenp3@github.io,Genderfluid,180.121.234.108,1991-01-15
905,Casandra,Regitz,cregitzp4@themeforest.net,Female,238.182.150.207,1994-05-01
906,Alastair,Crawforth,acrawforthp5@china.com.cn,Male,100.142.60.244,1996-10-11
907,Halley,Deporte,hdeportep6@ted.com,Female,112.160.98.170,1991-12-26
908,Rickie,Kirimaa,rkirimaap7@msu.edu,Male,5.222.188.102,1992-04-16
909,Chrissie,O'Bradain,cobradainp8@wikispaces.com,Male,124.17.191.225,1991-08-21
910,Roderich,Petrulis,rpetrulisp9@ezinearticles.com,Male,87.75.78.35,1999-08-09
911,Koralle,Peagrim,kpeagrimpa@google.co.uk,Agender,96.180.20.10,1995-12-16
912,Aimee,Batalle,abatallepb@webnode.com,Female,76.48.149.34,1998-06-05
913,Foster,Scobie,fscobiepc@hhs.gov,Male,251.42.158.235,1993-12-27
914,Dawn,O'Dwyer,dodwyerpd@java.com,Female,38.196.101.179,1998-06-26
915,Klaus,Calendar,kcalendarpe@mayoclinic.com,Male,63.244.149.30,1998-10-23
916,Delbert,Ghidini,dghidinipf@indiegogo.com,Male,18.119.50.122,1994-02-14
917,Lewes,Janecki,ljaneckipg@wired.com,Male,78.134.183.46,1996-12-26
918,Tabby,Costin,tcostinph@fc2.com,Male,147.233.36.114,1990-11-24
919,Rollie,Jobb,rjobbpi@tinypic.com,Male,37.141.10.18,1998-12-08
920,Gray,Rodge,grodgepj@nba.com,Female,180.23.17.8,1996-01-23
921,Alain,Freemantle,afreemantlepk@examiner.com,Male,124.201.26.54,1994-03-07
922,Ephraim,Beldham,ebeldhampl@soundcloud.com,Male,221.228.32.164,1997-03-23
923,Reilly,Massie,rmassiepm@people.com.cn,Male,140.20.81.3,1997-05-22
924,Corrie,Downe,cdownepn@de.vu,Male,149.160.151.149,1991-09-23
925,Britney,Ouldred,bouldredpo@mail.ru,Female,63.125.183.135,1999-03-04
926,Rois,Ozintsev,rozintsevpp@state.gov,Female,14.161.236.230,1996-05-14
927,Alisa,Satchell,asatchellpq@edublogs.org,Female,159.91.221.48,1999-05-19
928,Monica,Moorcroft,mmoorcroftpr@linkedin.com,Female,164.53.164.200,1990-11-29
929,Netti,Gazey,ngazeyps@histats.com,Female,95.210.168.59,1997-03-10
930,Dionysus,O'Sheils,dosheilspt@omniture.com,Male,176.33.1.68,1998-01-23
931,Katalin,Snel,ksnelpu@miibeian.gov.cn,Female,30.60.173.29,1995-01-23
932,Bessie,Osanne,bosannepv@census.gov,Female,17.14.242.121,1990-10-26
933,Krisha,Hocking,khockingpw@fda.gov,Male,34.111.86.220,1997-05-24
934,Ailene,Icke,aickepx@noaa.gov,Female,61.79.113.251,1998-11-29
935,Marguerite,Hainey`,mhaineypy@google.com.br,Genderqueer,216.150.200.111,1995-10-09
936,Renado,Seman,rsemanpz@bbc.co.uk,Male,218.170.35.154,1994-05-12
937,Magdalena,Dallyn,mdallynq0@rakuten.co.jp,Female,143.138.119.203,1996-08-06
938,Gottfried,Clawson,gclawsonq1@google.cn,Male,53.125.31.209,1998-12-30
939,Dav,Buckleigh,dbuckleighq2@bandcamp.com,Male,5.62.24.41,1998-04-04
940,Felecia,Mcimmie,fmcimmieq3@blogs.com,Female,59.79.202.235,1997-06-08
941,Flori,Honisch,fhonischq4@last.fm,Polygender,56.2.120.241,1999-02-14
942,Betti,Earpe,bearpeq5@themeforest.net,Female,12.99.52.161,1999-12-26
943,Vinnie,Wakeman,vwakemanq6@behance.net,Female,231.61.151.235,1997-05-20
944,Anne-marie,Prozescky,aprozesckyq7@washington.edu,Genderfluid,138.233.242.13,1994-10-29
945,Kimberlyn,Newson,knewsonq8@privacy.gov.au,Female,76.152.30.91,1998-01-08
946,Matthias,Sends,msendsq9@dot.gov,Male,202.75.205.131,1993-12-14
947,Emelen,Klemt,eklemtqa@scribd.com,Male,23.26.45.101,1994-12-08
948,Allyson,Sumpter,asumpterqb@freewebs.com,Female,50.3.185.28,1997-03-12
949,Shawn,Stapforth,sstapforthqc@weibo.com,Female,95.39.152.26,1994-02-12
950,Erna,Elijahu,eelijahuqd@gmpg.org,Female,50.131.23.236,1992-07-16
951,Catha,Mottinelli,cmottinelliqe@hp.com,Female,199.63.104.34,1996-10-12
952,Joelynn,Riteley,jriteleyqf@ted.com,Female,184.67.23.10,1994-04-21
953,Gunner,Element,gelementqg@google.com.hk,Male,72.20.75.45,1992-05-25
954,Oriana,Bourgaize,obourgaizeqh@myspace.com,Female,117.36.61.23,1997-05-25
955,Ceil,Linster,clinsterqi@geocities.jp,Female,158.128.205.101,1997-04-01
956,Daron,Morby,dmorbyqj@cpanel.net,Female,159.147.86.125,1997-08-27
957,Katuscha,Order,korderqk@wikipedia.org,Female,203.223.175.29,1992-02-08
958,Petrina,Binch,pbinchql@admin.ch,Female,204.180.92.67,1998-08-08
959,Farrand,Panichelli,fpanichelliqm@csmonitor.com,Female,10.132.22.236,1996-01-09
960,Ailene,Killough,akilloughqn@github.io,Female,212.191.158.244,1996-11-30
961,Sawyer,Teague,steagueqo@instagram.com,Male,96.251.198.132,1993-04-01
962,Steffi,Ackenhead,sackenheadqp@amazon.com,Female,13.211.40.132,1995-04-27
963,Stephenie,Stanbury,sstanburyqq@cdc.gov,Female,175.54.116.93,1994-07-18
964,Mordecai,Vedntyev,mvedntyevqr@amazonaws.com,Male,22.231.152.4,1991-06-11
965,Padget,Hum,phumqs@facebook.com,Genderqueer,14.219.89.226,1991-08-03
966,Ky,Shorte,kshorteqt@princeton.edu,Male,11.211.126.117,1999-03-22
967,Cornall,Eddie,ceddiequ@sohu.com,Male,52.201.86.206,1993-04-24
968,Chickie,Prout,cproutqv@booking.com,Male,205.218.78.116,1998-07-07
969,Chicky,Hek,chekqw@cbc.ca,Male,49.195.251.242,1991-02-08
970,Henrik,Stalman,hstalmanqx@theguardian.com,Male,76.98.178.67,1995-05-23
971,Svend,Yackiminie,syackiminieqy@jalbum.net,Male,78.21.142.165,1998-04-23
972,Margot,Netley,mnetleyqz@icio.us,Female,35.208.131.143,1991-12-14
973,Twila,Cory,tcoryr0@shutterfly.com,Female,157.79.1.232,1990-11-05
974,Tobin,Bourthouloume,tbourthouloumer1@desdev.cn,Non-binary,152.181.8.101,1998-03-01
975,Tammie,Callington,tcallingtonr2@github.io,Male,159.43.17.139,1992-03-20
976,Nicky,Touson,ntousonr3@usatoday.com,Female,13.46.11.156,1994-01-05
977,Jamal,Flanigan,jflaniganr4@nba.com,Male,218.43.174.200,1996-10-24
978,Bert,Libreros,blibrerosr5@berkeley.edu,Male,7.249.254.7,1999-11-03
979,Angelico,Openshaw,aopenshawr6@skyrock.com,Male,78.6.200.137,1991-04-28
980,Kalie,Seeks,kseeksr7@quantcast.com,Female,210.191.49.0,1991-07-23
981,Thomasina,Champerlen,tchamperlenr8@altervista.org,Female,209.58.12.100,1997-12-03
982,Devan,Hallbird,dhallbirdr9@webs.com,Female,104.233.235.171,1996-03-09
983,Darcy,Streetfield,dstreetfieldra@gizmodo.com,Male,117.154.27.119,1992-05-17
984,Darn,O'Rourke,dorourkerb@biglobe.ne.jp,Male,25.162.117.137,1996-01-18
985,Dew,Stening,dsteningrc@hibu.com,Male,95.79.148.115,1999-09-24
986,Ayn,Wixey,awixeyrd@w3.org,Female,114.39.156.165,1998-03-03
987,Emilia,Brockman,ebrockmanre@soup.io,Female,224.20.110.125,2000-03-13
988,Jacquenette,Canning,jcanningrf@i2i.jp,Female,242.152.140.190,1999-07-11
989,Verile,Bartali,vbartalirg@adobe.com,Female,53.188.39.110,1996-01-11
990,Edgardo,Petit,epetitrh@adobe.com,Male,227.9.62.137,1999-07-17
991,Sabina,Koba,skobari@plala.or.jp,Female,188.19.254.245,1994-10-22
992,Berkeley,Tomkiss,btomkissrj@desdev.cn,Male,174.206.6.147,1992-08-02
993,Aileen,Rasper,arasperrk@studiopress.com,Female,119.39.107.200,1996-09-28
994,Arnold,Mapledorum,amapledorumrl@sohu.com,Male,140.37.239.139,1994-06-14
995,Tabbatha,Mate,tmaterm@netscape.com,Female,39.105.253.208,1992-06-06
996,Ettie,Cholmondeley,echolmondeleyrn@printfriendly.com,Genderqueer,73.91.161.155,1998-03-04
997,Brett,Stranahan,bstranahanro@nytimes.com,Male,235.71.94.49,1997-05-06
998,Kimberlee,Muino,kmuinorp@msn.com,Female,30.162.179.89,1998-06-08
999,Darbee,Pedron,dpedronrq@dagondesign.com,Male,215.85.147.237,1991-04-13
1000,Zach,Acklands,zacklandsrr@va.gov,Male,180.72.19.167,1997-02-03
